from,to
756,1583
1583,757
757,756
2325,1706
1706,2157
2157,2325
1563,2126
2126,755
755,1563
762,1618
1618,763
763,762
522,521
521,1981
1981,522
755,754
754,1563
504,2065
2065,1309
1309,504
758,1583
1583,1908
1908,758
1767,776
776,775
775,1767
1359,1682
1682,2217
2217,1359
2566,314
314,1623
1623,2566
760,759
759,1427
1427,760
1887,1457
1457,2166
2166,1887
1327,1770
1770,2347
2347,1327
2151,1890
1890,1867
1867,2151
818,2141
2141,1766
1766,818
754,753
753,1563
2191,2437
2437,1571
1571,2191
1679,1746
1746,1089
1089,1679
762,761
761,1618
761,1427
1427,1618
761,760
1996,890
890,1842
1842,1996
1971,1618
1427,1971
752,751
751,2192
2192,752
337,1980
1980,2019
2019,337
1889,1516
1516,1720
1720,1889
1674,1268
1268,2280
2280,1674
1394,1688
1688,1979
1979,1394
1640,2145
2145,1512
1512,1640
1402,678
678,1648
1648,1402
1481,838
838,837
837,1481
1971,764
764,1618
819,1325
1325,820
820,819
1585,2192
751,1585
1760,2359
2359,2215
2215,1760
2138,1700
1700,1967
1967,2138
2178,1325
1325,1766
1766,2178
495,1954
1954,2311
2311,495
788,787
787,1584
1584,788
789,788
1584,789
1939,2236
2236,2009
2009,1939
626,2493
2493,627
627,626
787,786
786,1584
1614,726
726,1999
1999,1614
1584,790
790,789
2091,1892
1892,1872
1872,2091
2102,1428
1428,2171
2171,2102
1428,792
792,791
791,1428
1428,798
798,797
797,1428
2063,125
125,124
124,2063
797,796
796,1430
1430,797
784,1987
1987,2171
2171,784
1597,486
486,1848
1848,1597
2171,785
785,784
1628,2439
2439,2118
2118,1628
1861,802
802,801
801,1861
2308,1846
1846,1573
1573,2308
2363,777
777,776
776,2363
1809,2297
2297,2346
2346,1809
2300,1694
1694,1197
1197,2300
780,779
779,2184
2184,780
2169,2347
1770,2169
1747,2184
2184,1861
1861,1747
1987,801
801,2102
2102,1987
1861,1987
1987,1747
800,2102
801,800
1747,784
784,783
783,1747
2086,481
481,1830
1830,2086
783,782
782,1747
1395,1845
1845,1571
1571,1395
1854,2144
2144,1662
1662,1854
2574,777
2363,2574
70,1889
1889,1606
1606,70
2058,2403
2403,1847
1847,2058
315,1859
1859,316
316,315
775,774
774,1767
966,2264
2264,1904
1904,966
1518,736
736,1505
1505,1518
2385,1418
1418,648
648,2385
2420,1864
1864,1324
1324,2420
2176,1742
1742,1733
1733,2176
158,1885
1885,1894
1894,158
1735,740
740,1701
1701,1735
2157,1923
1923,1838
1838,2157
736,735
735,1505
738,737
737,1518
1518,738
2013,30
30,2025
2025,2013
1493,2225
2225,1349
1349,1493
2175,428
428,427
427,2175
732,731
731,1317
1317,732
1576,1406
1406,1506
1506,1576
1834,735
735,734
734,1834
733,732
732,1480
1480,733
731,730
730,1404
1404,731
1989,1756
1756,2078
2078,1989
2092,1898
1898,719
719,2092
2093,2169
2169,1590
1590,2093
1759,1999
1999,1863
1863,1759
2104,1998
1998,822
822,2104
1999,1318
1318,2092
2092,1999
1759,1318
2435,2436
2436,2367
2367,2435
1863,722
722,1759
1614,729
729,728
728,1614
725,1863
1999,725
1404,1317
1248,1475
1475,2391
2391,1248
1404,729
1614,1404
728,727
727,1614
1649,2242
2242,2093
2093,1649
730,729
1863,723
723,722
1951,1478
1478,2262
2262,1951
2006,1452
1452,2124
2124,2006
724,723
1863,724
617,2105
2105,1409
1409,617
1716,744
744,743
743,1716
1716,1983
1983,744
743,742
742,1716
1517,1705
1705,1401
1401,1517
751,750
750,1585
2014,1952
1952,2310
2310,2014
373,1888
1888,1895
1895,373
570,1855
1855,571
571,570
1126,1977
1977,1442
1442,1126
1431,2158
2158,1587
1587,1431
1909,767
767,766
766,1909
1429,768
768,767
767,1429
345,1617
1617,346
346,345
766,1586
1586,1909
1429,2331
2331,769
769,1429
2190,2330
2330,2379
2379,2190
2008,2159
2159,1938
1938,2008
749,1506
1406,749
1705,1310
1310,1401
1547,1822
1822,1824
1824,1547
1506,748
748,747
747,1506
713,1405
1405,714
714,713
1839,2426
2426,1539
1539,1839
1405,715
715,714
2455,1220
1220,1531
1531,2455
1822,1119
1119,1823
1823,1822
1441,1824
1824,1821
1821,1441
2142,1044
1044,1043
1043,2142
1406,1585
750,1406
747,746
746,1506
1480,734
734,733
750,749
574,1875
1875,1801
1801,574
749,748
764,2193
2193,765
765,764
1824,1663
1663,1547
2231,1994
1994,593
593,2231
1760,715
1405,1760
771,2220
2220,772
772,771
83,1738
1738,1743
1743,83
1932,1979
1979,2388
2388,1932
1475,2162
2162,2393
2393,1475
1712,2475
2475,2146
2146,1712
945,1587
1587,946
946,945
1828,1940
1940,2267
2267,1828
945,944
944,1587
2148,1876
1876,1397
1397,2148
793,1430
1430,794
794,793
947,946
1587,947
2039,646
646,645
645,2039
1870,2303
2303,2302
2302,1870
957,956
956,955
955,957
1762,2230
2230,2389
2389,1762
1735,2114
2114,741
741,1735
2507,2209
2209,2258
2258,2507
949,1607
1607,1320
1320,949
1981,524
524,523
523,1981
2213,1738
1738,1709
1709,2213
82,2188
2188,1709
1709,82
1542,1785
1785,1363
1363,1542
2235,1504
1504,1947
1947,2235
1277,1276
1276,1675
1675,1277
1430,795
795,794
1834,1505
2196,2197
2197,1650
1650,2196
47,2496
2496,48
48,47
1432,824
824,1998
1998,1432
793,792
792,1430
1728,2072
2072,2073
2073,1728
949,948
948,1607
1439,1510
1510,1736
1736,1439
941,1431
1431,942
942,941
2517,935
935,2083
2083,2517
941,940
940,1431
1587,1607
1607,947
1431,943
943,942
2158,1607
1041,1667
1667,1308
1308,1041
1398,1742
2176,1398
796,795
1761,951
951,950
950,1761
968,967
967,1322
1322,968
2361,1323
1323,1761
1761,2361
318,317
317,1723
1723,318
2310,1524
1524,2014
1864,964
964,1324
1762,971
971,1321
1321,1762
2082,1964
1964,2057
2057,2082
1904,967
967,966
2193,1971
1971,2503
2503,2193
1904,1322
1322,969
969,968
938,2194
2194,2523
2523,938
631,1941
1941,1525
1525,631
1322,1321
1321,970
970,1322
1828,839
839,1940
1762,972
972,971
2501,2264
2264,2417
2417,2501
2357,708
708,2221
2221,2357
375,1724
1724,376
376,375
958,957
957,954
954,958
953,959
959,958
958,953
1676,1289
1289,1288
1288,1676
953,952
952,959
954,953
955,954
279,2054
2054,2182
2182,279
1407,988
988,987
987,1407
1708,1533
1533,1743
1743,1708
960,952
952,1323
1323,960
1761,1969
1969,2361
1859,317
317,316
951,1323
952,951
960,959
1323,961
961,960
1342,1645
1645,1609
1609,1342
1669,861
861,1785
1785,1669
2325,1953
1953,2099
2099,2325
963,1324
964,963
1320,1761
950,1320
1472,2149
2149,1881
1881,1472
1225,1469
1469,2453
2453,1225
1861,803
803,802
2445,849
849,1905
1905,2445
1897,2000
2000,2315
2315,1897
1897,812
812,811
811,1897
2490,1440
1440,1995
1995,2490
1748,1897
2315,1748
126,125
125,1628
1628,126
808,2000
2000,809
809,808
2292,2344
2344,2495
2495,2292
2000,810
810,809
807,806
806,2315
2315,807
1272,2056
2056,1273
1273,1272
691,1975
1975,692
692,691
811,810
2000,811
1727,1204
1204,1203
1203,1727
803,2377
2377,804
804,803
2251,2569
2569,218
218,2251
321,320
320,1548
1548,321
1897,814
814,813
813,1897
1916,2224
2224,1447
1447,1916
2442,2914
2914,2654
2654,2442
2442,2177
2177,2409
2409,2442
494,1529
1529,1954
1954,494
1748,815
815,814
814,1748
1202,1727
1203,1202
1555,1728
1728,1490
1490,1555
614,1485
1485,1942
1942,614
422,1579
1579,1435
1435,422
1325,821
821,820
2104,821
1325,2104
1721,1317
1404,1721
1766,819
819,818
1739,1179
1179,2290
2290,1739
813,812
615,614
1942,615
950,949
764,763
2180,2152
2152,438
438,2180
1052,1521
1521,1053
1053,1052
932,931
931,2028
2028,932
1718,256
256,255
255,1718
1538,2017
2017,1578
1578,1538
2028,933
933,932
936,935
935,1588
1588,936
840,839
1828,840
1257,2338
2338,2494
2494,1257
1997,2232
2232,1561
1561,1997
2028,930
930,3110
3110,2028
2369,988
988,1808
1808,2369
1765,1864
1864,2443
2443,1765
1588,937
937,936
2322,3110
930,2322
2523,2158
2158,938
1467,271
271,270
270,1467
1432,1819
1819,826
826,1432
1432,825
825,824
826,825
1621,1437
1437,1054
1054,1621
1122,1121
1121,1643
1643,1122
2201,828
828,1619
1619,2201
356,1513
1513,357
357,356
1145,1624
1624,1146
1146,1145
1826,1211
1211,1468
1468,1826
2028,2518
2518,933
2538,2038
2038,989
989,2538
827,1819
1819,1619
1619,827
1851,829
829,2201
2201,1851
1508,1577
1577,1420
1420,1508
501,1382
1382,1424
1424,501
1428,1430
2083,934
934,2518
2518,2083
2066,835
835,1650
1650,2066
2583,2159
2159,2277
2277,2583
64,1606
1889,64
2504,2638
2638,2299
2299,2504
2197,2066
2213,2285
2285,1708
1708,2213
817,2141
818,817
1637,1347
1347,2135
2135,1637
711,1647
1647,712
712,711
1513,2019
2019,357
1648,1975
1975,1402
1422,1967
1967,1598
1598,1422
1589,1648
1648,676
676,1589
688,687
687,1433
1433,688
1984,2228
2228,118
118,1984
678,677
677,1648
2156,1688
1688,1226
1226,2156
2029,2195
2195,675
675,2029
1898,720
720,719
1676,1937
1937,1477
1477,1676
676,2195
2195,1589
879,878
878,2099
2099,879
2290,2291
2291,1739
2514,2736
2736,673
673,2514
674,2029
675,674
2374,1550
1550,891
891,2374
1979,1687
1687,1394
461,2435
2435,1795
1795,461
1311,683
683,682
682,1311
1620,684
684,1311
1311,1620
684,683
1311,1402
1402,1620
685,1620
1620,686
686,685
2909,2609
2609,1978
1978,2909
1940,1481
1481,2267
2424,2541
2541,2032
2032,2424
2278,58
58,57
57,2278
677,676
1470,1230
1230,1687
1687,1470
680,1311
1311,681
681,680
682,681
2036,1215
1215,2738
2738,2036
680,1402
2258,2046
2046,2735
2735,2258
1214,1757
1757,2344
2344,1214
1433,2002
2002,688
1321,2230
1432,1619
1909,1429
113,112
112,1758
1758,113
2294,289
289,288
288,2294
2092,718
718,1319
1319,2092
2246,193
193,1530
1530,2246
2313,1488
1488,1970
1970,2313
2161,295
295,2032
2032,2161
708,707
707,2221
1858,2221
2221,706
706,1858
1823,1824
725,724
2474,1982
1982,1566
1566,2474
2146,703
703,1713
1713,2146
703,702
702,1713
2327,2604
2604,2644
2644,2327
704,703
2146,704
2107,2246
1530,2107
707,706
117,1719
1719,1984
1984,117
697,696
696,2204
2204,697
2166,1825
1825,2086
2086,2166
1889,1474
1474,64
2204,698
698,697
695,2204
696,695
1564,1044
1044,1844
1844,1564
1633,1484
1484,700
700,1633
1554,702
702,701
701,1554
336,358
358,1703
1703,336
2144,2250
2250,1662
1266,2624
2624,2289
2289,1266
1633,699
699,698
698,1633
1484,2071
2071,1712
1712,1484
2156,1979
1484,701
701,700
672,1668
1668,2514
2514,672
2291,1714
1714,1739
1733,2140
2140,2176
1858,705
705,704
704,1858
693,2029
2029,673
673,693
717,1319
718,717
1680,1113
1113,1778
1778,1680
686,1433
687,686
2405,2251
2251,1686
1686,2405
1704,94
94,2076
2076,1704
1668,671
671,670
670,1668
672,671
2481,2219
2219,2261
2261,2481
309,2179
2179,1862
1862,309
1729,2115
2115,2520
2520,1729
1967,2305
2305,2138
1705,1701
1701,1310
1599,1717
1717,1718
1718,1599
666,1632
1632,2519
2519,666
1729,1668
1668,669
669,1729
162,1756
1989,162
667,1860
1860,668
668,667
845,2119
2119,1334
1334,845
2955,2956
2956,2896
2896,2955
2330,2535
2535,2379
2287,1736
1510,2287
2450,2451
2451,2452
2452,2450
2495,2214
2214,1661
1661,2495
1482,2190
2190,641
641,1482
2321,2350
2350,661
661,2321
1717,256
1326,663
663,662
662,1326
1632,665
665,1483
1483,1632
1483,664
664,663
663,1483
745,744
1983,745
2010,2105
2105,616
616,2010
619,1409
1409,620
620,619
224,1514
1514,225
225,224
1811,623
623,1328
1328,1811
623,622
622,1328
2149,1827
1827,1881
2043,2469
2469,157
157,2043
1923,1456
1456,2122
2122,1923
665,664
2246,2048
2048,1800
1800,2246
1769,1866
1866,2301
2301,1769
1262,1261
1261,1559
1559,1262
2425,2519
1632,2425
1002,2287
1510,1002
613,1485
614,613
1485,1890
2151,1485
2112,2408
2408,2068
2068,2112
1672,109
109,108
108,1672
1327,606
606,1770
69,68
68,1516
1516,69
1804,2148
2148,2025
2025,1804
1327,607
607,606
1703,337
337,336
700,699
604,603
603,1590
1590,604
612,1485
613,612
1866,607
1327,1866
275,1594
1594,2198
2198,275
377,376
1724,377
622,621
621,1328
620,1328
621,620
830,829
1851,830
1582,1581
1581,1646
1646,1582
620,1907
1907,1328
1400,1964
1964,1806
1806,1400
1771,2151
1867,1771
1964,1297
1297,1296
1296,1964
2151,2476
2476,1942
1942,2151
73,1644
1644,1558
1558,73
277,276
276,1549
1549,277
1975,1620
2100,1519
1519,598
598,2100
1166,1610
1610,2211
2211,1166
2496,35
35,2355
2355,2496
610,1867
1890,610
2810,2351
2351,2689
2689,2810
1220,1219
1219,1531
617,616
1083,1651
1651,1084
1084,1083
1783,536
536,535
535,1783
673,672
1478,2017
2017,2262
1649,603
603,602
602,1649
437,1496
1496,2180
2180,437
833,2196
2196,834
834,833
1360,584
584,1625
1625,1360
2066,836
836,835
1940,838
439,438
438,1367
1367,439
1650,834
656,2318
2318,1782
1782,656
1298,1400
1400,1299
1299,1298
2197,831
831,2110
2110,2197
366,1372
1372,1789
1789,366
832,1591
1591,2196
2196,832
1377,1378
1378,1307
1307,1377
2448,1458
1458,1925
1925,2448
833,832
1953,879
286,285
285,1495
1495,286
835,834
2257,2335
2335,1660
1660,2257
1828,2626
2626,840
1590,1649
2119,1905
1905,1334
982,981
981,1338
1338,982
1007,1774
1774,1773
1773,1007
2298,840
2626,2298
1086,2018
2018,2216
2216,1086
919,918
918,1330
1330,919
415,1493
1493,416
416,415
1112,1346
1346,1778
1778,1112
1065,1064
1064,1415
1415,1065
902,2371
2371,903
903,902
920,919
1330,920
984,983
983,1339
1339,984
1991,1331
1331,1486
1486,1991
2371,904
904,903
1160,2003
2003,2479
2479,1160
839,838
1347,1492
1492,1123
1123,1347
1697,1991
1486,1697
182,181
181,1391
1391,182
912,1331
1331,913
913,912
1772,914
914,913
913,1772
914,1330
1330,1560
1560,914
856,855
855,1333
1333,856
1537,916
916,915
915,1537
1697,1857
1857,2286
2286,1697
1493,1943
1943,2225
1614,1721
921,1698
1698,2432
2432,921
2286,910
910,1332
1332,2286
909,908
908,1539
1539,909
2500,2524
2524,2225
2225,2500
1689,92
92,91
91,1689
912,1486
1020,1019
1019,1335
1335,1020
367,1789
1789,1370
1370,367
2207,1656
1656,1615
1615,2207
2420,2443
1487,1024
1024,1023
1023,1487
1339,1608
1608,1970
1970,1339
420,1561
1561,1579
1579,420
905,1434
1434,906
906,905
2041,300
300,299
299,2041
844,2119
845,844
918,917
917,1560
1560,918
912,911
911,1486
908,907
907,1539
2353,2286
1332,2353
1839,906
1434,1839
1435,423
423,422
1579,421
421,420
1839,907
907,906
2370,2372
2372,1434
1434,2370
910,909
909,1332
905,2370
1560,1312
1312,914
1992,1438
1438,1015
1015,1992
926,2413
2413,3079
3079,926
1850,2207
1615,1850
619,618
618,1409
601,600
600,2242
2242,601
2114,1701
1701,2075
2075,2114
1665,1555
1555,1562
1562,1665
1332,2333
2333,2353
599,598
1519,599
1519,600
600,599
360,1371
1371,361
361,360
1519,2242
1326,1483
849,848
848,1905
985,1488
1488,986
986,985
837,2023
2023,1481
1323,1763
1763,961
868,867
867,866
866,868
1590,1966
1966,604
2316,2526
2526,2100
2100,2316
848,1334
533,1682
1359,533
1644,1853
1853,1558
2189,854
854,853
853,2189
2189,1333
1333,854
1631,1317
1721,1631
1682,2189
2189,2217
413,1350
1350,414
414,413
865,1509
1509,866
866,865
2092,2215
2215,1999
1588,2194
2194,937
2389,973
973,1762
1669,862
862,861
862,2185
2185,863
863,862
717,716
716,1319
864,863
863,870
870,864
874,873
873,1669
1669,874
1322,2230
855,854
1509,864
864,1436
1436,1509
530,1595
1595,1812
1812,530
1334,846
846,845
1331,1772
847,846
1334,847
1890,611
611,610
1991,1698
1698,2390
2390,1991
848,847
1634,1018
1018,1438
1438,1634
427,426
426,2175
2121,424
424,1435
1435,2121
2121,2175
426,2121
2175,2563
2563,428
2186,900
900,899
899,2186
1666,2137
2137,2136
2136,1666
1335,1634
1634,1487
1487,1335
122,2412
2412,2164
2164,122
899,898
898,2186
844,843
843,2599
2599,844
1409,1907
866,869
869,868
2185,870
865,864
1669,872
872,871
871,1669
2236,2023
2023,2009
873,872
605,1770
606,605
897,895
895,2271
2271,897
1632,1326
1326,2222
2222,1632
897,896
896,895
898,2271
2271,2186
973,972
962,1763
1763,2537
2537,962
2339,895
895,894
894,2339
2338,2486
2486,2512
2512,2338
962,961
1787,2080
2080,2081
2081,1787
1019,1634
1729,1860
1860,2115
1811,624
624,623
11,10
10,1906
1906,11
915,1312
1312,1537
1649,601
602,601
426,425
425,2121
660,1681
1681,2069
2069,660
710,1647
711,710
1783,2573
2573,2187
2187,1783
1793,513
513,512
512,1793
2516,1520
1520,1034
1034,2516
1847,1575
1575,2058
2314,2422
2422,1891
1891,2314
453,1831
1831,1847
1847,453
1912,1749
1749,1005
1005,1912
1029,1749
1749,1030
1030,1029
612,1890
2073,2547
2547,2472
2472,2073
1038,1037
1037,1592
1592,1038
2348,1529
1529,2125
2125,2348
1520,1035
1035,1034
1971,1908
1583,1971
304,2314
2314,305
305,304
1520,1036
1036,1035
1868,308
308,1891
1891,1868
2045,1036
1520,2045
1343,1415
1415,1616
1616,1343
2403,1925
1925,453
453,2403
1246,2162
1475,1246
1021,1335
1335,1022
1022,1021
1023,1022
1335,1023
2422,1868
1487,1336
1336,1024
1021,1020
2069,2381
2381,2039
2039,2069
2064,1645
1645,1069
1069,2064
1006,1749
1749,1027
1027,1006
1869,2381
2381,2380
2380,1869
93,2241
2241,94
94,93
1025,1024
1336,1025
1336,1026
1026,1025
1405,2359
2215,1614
1027,1026
1026,1006
1336,1006
2331,770
770,769
1968,2065
2065,2540
2540,1968
1749,1028
1028,1027
2200,1315
1315,1606
1606,2200
1057,1303
1303,2030
2030,1057
1046,1045
1045,1059
1059,1046
179,1926
1926,2387
2387,179
1045,1060
1060,1059
1059,1058
1058,2031
2031,1059
2031,1046
2304,1873
1873,1798
1798,2304
1047,1621
1621,1304
1304,1047
1531,2226
2226,2455
1055,1054
1437,1055
1306,1056
1056,1437
1437,1306
1705,1505
1834,1705
2000,807
1057,1306
1306,1303
1521,1750
1750,1053
1523,411
411,1951
1951,1523
1320,1969
2439,2165
2165,2387
2387,2439
1653,1042
1042,1664
1664,1653
1592,2554
2554,2275
2275,1592
1736,1912
1912,1439
1604,1042
1653,1604
2045,1592
1037,2045
1991,2440
2440,1331
940,1910
1910,2001
2001,940
1564,1045
1045,1044
1564,1060
2377,2564
2564,804
1564,1061
1061,1060
2142,1844
774,773
773,1767
1844,1061
2295,323
323,322
322,2295
1063,1062
1062,1337
1337,1063
1408,1810
1810,2352
2352,1408
2506,1955
1955,2455
2455,2506
2346,1941
631,2346
1029,1028
2440,1772
1691,2140
1733,1691
2389,1990
1990,973
2348,2311
1954,2348
2388,1235
1235,1234
1234,2388
1538,2052
2052,2337
2337,1538
1338,1608
1608,982
983,1608
1507,981
981,980
980,1507
1017,1016
1016,1438
1438,1017
1870,1784
1784,2303
1721,2215
2359,1721
2076,1737
1737,1704
2264,2230
2230,1904
1016,1015
1607,1969
1014,1413
1413,1774
1774,1014
979,1507
980,979
2148,2415
2415,2235
2235,2148
1695,1181
1181,1734
1734,1695
983,982
1538,1965
1965,2017
986,1829
1829,987
987,986
1488,1829
2058,2152
2152,2403
985,984
1339,985
1274,1273
1273,1567
1567,1274
977,1813
1813,1814
1814,977
1814,978
978,977
222,2044
2044,2238
2238,222
1412,1338
1338,1813
1813,1412
2474,571
571,1982
1427,1908
676,675
120,119
119,1972
1972,120
1407,1808
1643,2135
1347,1643
1339,1488
2084,1338
1412,2084
1634,1336
1634,1992
1992,1006
1006,1634
1774,1008
1008,1773
1014,1012
1012,1413
1617,1421
1421,1369
1369,1617
2001,1431
1014,1013
1013,1012
328,1816
1816,329
329,328
1006,1005
1577,1368
1368,1420
1494,1660
1660,1354
1354,1494
1480,1834
2545,1030
1749,2545
1003,1439
1439,1004
1004,1003
1587,943
1912,1004
1012,1011
1011,1413
1018,1017
1008,1413
1413,1009
1009,1008
1011,1010
1010,1413
1824,2085
2085,1663
2561,2056
1272,2561
2517,1588
1160,1159
1159,2003
2257,1161
1161,2205
2205,2257
2599,2717
2717,2119
2119,2599
1120,1822
1547,1120
2252,1000
1000,999
999,2252
1003,1510
1540,2173
2173,2252
2252,1540
1616,1658
1658,1343
2127,2326
2326,1172
1172,2127
996,995
995,1341
1341,996
997,1341
1341,1540
1540,997
1631,1480
1480,1317
1540,998
998,997
1775,995
995,994
994,1775
1455,1626
1626,2062
2062,1455
2365,2138
2305,2365
1079,1635
1635,1080
1080,1079
1677,2068
2068,993
993,1677
2057,1399
1399,1849
1849,2057
1468,1393
1393,2214
2214,1468
997,996
1052,1556
1556,1521
1051,1556
1052,1051
1521,1049
1049,1750
1048,1304
1304,1049
1049,1048
2471,595
595,594
594,2471
521,1923
2157,521
2356,1583
1583,2126
2126,2356
1929,268
268,267
267,1929
1070,1342
1609,1070
1072,1609
1609,1073
1073,1072
1609,1071
1071,1070
1894,1392
1392,158
2220,2601
2601,772
2134,2094
2094,1915
1915,2134
2087,412
412,2373
2373,2087
2245,2033
2033,2106
2106,2245
1780,2329
2329,2424
2424,1780
1748,2409
2409,815
2111,1594
1594,1652
1652,2111
1491,1066
1066,1343
1343,1491
1562,1076
1076,1075
1075,1562
1491,1636
1636,1067
1067,1491
2188,2213
1065,1343
1066,1065
1489,1725
1725,1075
1075,1489
1471,2154
2154,1933
1933,1471
1067,1066
782,781
781,1747
1076,1555
1555,1077
1077,1076
1490,1635
1079,1490
1167,2212
2212,1168
1168,1167
8,1742
1398,8
1645,1073
1068,1636
1636,2064
2064,1068
1490,1078
1078,1077
1077,1490
1610,2480
2480,2211
1641,1986
1986,1852
1852,1641
1072,1071
2288,1202
1202,1201
1201,2288
2416,2295
2295,2364
2364,2416
2184,781
781,780
2018,1085
1085,1651
1651,2018
1767,2363
2332,2352
1810,2332
1715,1566
1982,1715
1856,1088
1088,1345
1345,1856
2216,1776
1776,1086
2250,1888
1888,1662
2150,1832
1832,2078
2078,2150
2077,1344
1344,1856
1856,2077
1928,176
176,2153
2153,1928
1088,1087
1087,1345
1096,1095
1095,1522
1522,1096
469,1872
1892,469
1593,1651
1083,1593
1522,2046
2046,1096
1095,1094
1094,1950
1950,1095
2216,2077
2077,1345
1345,2216
432,2080
1787,432
1950,1522
2258,1097
1097,2046
1533,83
615,2010
616,615
1093,1092
1092,1950
1950,1093
1500,1383
1383,1847
1847,1500
1094,1093
1097,1096
527,1706
1706,2218
2218,527
935,934
2144,2145
1640,2144
2209,1692
1692,1100
1100,2209
2419,114
114,2293
2293,2419
1635,1722
1722,1080
1970,2084
2084,2502
2502,1970
2545,1031
1031,1030
1340,1007
1007,1992
1992,1340
713,1807
1807,1877
1877,713
1100,1099
1099,2209
1986,1724
1724,1446
1446,1986
1101,1100
1692,1101
1083,1722
1722,1593
1090,1089
1746,1090
1099,1098
1098,2258
2258,1099
2181,99
99,98
98,2181
2376,830
1851,2376
1765,964
1110,1346
1346,1111
1111,1110
1109,1108
1108,1777
1777,1109
1109,1346
1110,1109
1978,1379
1379,2167
2167,1978
817,816
816,2177
2177,817
432,431
431,2080
1879,1104
1104,2382
2382,1879
296,295
2161,296
1112,1111
1107,1777
1108,1107
1106,1440
1440,1107
1107,1106
1106,1105
1105,1440
1680,1114
1114,1113
1562,1725
1725,1665
1745,1090
1746,1745
1749,2592
2592,2545
1998,1619
1113,1112
1116,2085
2085,1117
1117,1116
1823,1821
1441,2085
1894,2306
2306,2150
2150,1894
1547,1121
1121,1120
2089,1366
1366,2122
2122,2089
1680,1115
1115,1114
2153,133
133,132
132,2153
999,998
1540,999
1855,1982
1463,2165
2165,1927
1927,1463
1441,1118
1118,2085
1850,2142
2142,2207
2248,1830
1830,1882
1882,2248
1547,1643
1829,2299
2299,1407
1407,1829
1118,1117
1834,1631
1631,2521
2521,1834
690,689
689,1911
1911,690
1414,1103
1103,1102
1102,1414
1139,1138
1138,1137
1137,1139
2084,1608
609,608
608,2766
2766,609
1137,1136
1136,1751
1751,1137
1958,1541
1541,596
596,1958
2375,1603
1603,2438
2438,2375
1123,1122
1122,1347
1217,1216
1216,2036
2036,1217
1885,2306
1127,1126
1442,1127
2142,1337
1337,1844
1130,1129
1129,1949
1949,1130
1139,1751
1751,2414
2414,1139
2303,2070
2070,2302
1128,1127
1127,1948
1948,1128
2313,1829
1400,1297
2313,2299
1988,1751
1136,1988
1133,1132
1132,1348
1348,1133
528,2218
2218,529
529,528
1132,1131
1131,1348
1988,2229
2229,1751
1764,2504
2504,2362
2362,1764
1136,1135
1135,1988
1442,1948
1502,2306
2306,1896
1896,1502
1414,1104
1104,1103
2020,2228
1984,2020
1125,1124
1124,1492
1492,1125
1324,2434
2434,2420
1102,1101
1692,1102
2523,1969
1969,2158
808,807
2385,1654
1654,1418
989,2369
2369,2538
1378,1305
1305,1307
1843,417
417,1349
1349,1843
1561,418
418,1997
1419,1508
1508,441
441,1419
417,416
416,1349
235,241
241,1385
1385,235
414,1493
415,414
1453,1360
1625,1453
645,1358
1358,2039
1364,1710
1710,1543
1543,1364
1523,2227
2227,2373
2373,1523
2373,1836
1836,2087
363,362
362,1373
1373,363
180,1463
1927,180
2225,1843
2565,2402
2402,1647
1647,2565
618,617
1419,1577
445,1575
1575,1818
1818,445
1538,404
404,403
403,1538
1643,1663
1663,2135
238,1655
1655,239
239,238
407,1403
1403,1313
1313,407
1951,410
410,1478
2091,2406
2406,2168
2168,2091
1892,470
470,469
1756,1392
1392,2150
2150,1756
405,1403
1403,406
406,405
407,406
1296,1569
1569,1964
1313,408
408,407
1313,1478
1478,409
409,1313
2188,2603
2603,2213
424,423
1249,2392
2392,2577
2577,1249
994,993
2068,994
1577,1367
1367,2152
2152,1577
990,1314
1314,991
991,990
1051,1050
1050,1556
2038,990
990,989
1314,1677
1677,992
992,1314
2129,546
546,545
545,2129
2408,1775
1775,2068
299,1443
1443,2041
1376,1305
1378,1376
2246,2120
2120,2266
2266,2246
1351,291
291,290
290,1351
2543,296
2161,2543
448,447
447,1383
1383,448
1449,1157
1157,1156
1156,1449
298,297
297,1443
1443,298
1470,1979
1932,1470
1913,296
2543,1913
1779,292
292,291
291,1779
1978,1498
1498,1379
1974,303
303,302
302,1974
2373,2576
2576,1836
411,410
1389,210
210,209
209,1389
2416,323
1433,2101
2101,2002
516,515
515,2040
2040,516
1351,1779
294,293
293,2032
2032,294
404,1578
1578,405
405,404
2130,510
510,509
509,2130
293,292
292,2032
295,294
541,2302
2302,1362
1362,541
1382,497
497,1424
992,991
1523,412
412,411
447,446
446,1425
1425,447
2337,402
402,1444
1444,2337
1539,1332
400,1444
1444,401
401,400
1965,2488
2488,2262
2262,1965
1919,2096
2096,1144
1144,1919
1578,1403
400,399
399,1444
870,1436
1852,379
379,1641
381,1852
1852,1622
1622,381
1374,559
559,1693
1693,1374
1798,202
202,1387
1387,1798
379,378
378,1641
1639,1206
1206,1205
1205,1639
2123,476
476,475
475,2123
1724,378
378,377
375,374
374,1446
1446,375
2150,1883
1883,1832
1578,1313
391,390
390,2323
2323,391
385,1915
1915,1352
1352,385
384,383
383,1445
1445,384
1811,1907
1907,1878
1878,1811
338,1364
1543,338
1932,1233
1233,1470
1915,384
1445,1915
2167,1792
1792,2089
2089,2167
410,409
1369,348
348,1617
385,384
387,386
386,1416
1416,387
361,1497
1497,362
362,361
349,1369
1369,350
350,349
1387,2304
1805,26
26,25
25,1805
2134,1445
1445,1622
1622,2134
1456,519
519,518
518,1456
1576,2131
2131,1406
1752,1862
2179,1752
1597,2166
2166,2485
2485,1597
311,310
310,1862
1862,311
1353,308
308,307
307,1353
455,454
454,1458
1458,455
1695,1182
1182,1181
1854,2145
310,309
2361,1763
305,1353
1353,306
306,305
307,306
1623,312
312,1752
1752,1623
1817,326
326,2033
2033,1817
1186,1573
1573,1187
1187,1186
1353,1891
532,1411
1411,1682
1682,532
758,757
374,373
373,1446
1512,1447
1447,1640
1985,319
319,2465
2465,1985
370,369
369,1916
1916,370
1723,2465
319,1723
1512,370
370,1447
1299,1806
1806,1300
1300,1299
1003,1002
1696,167
167,1755
1755,1696
2270,1986
1446,2270
169,1465
1465,170
170,169
1154,1450
1450,1918
1918,1154
828,827
1859,1723
2508,2465
1723,2508
2265,1914
1914,2233
2233,2265
2566,2202
2202,314
454,453
1925,454
266,2309
2309,267
267,266
371,1512
1512,372
372,371
2359,1631
2489,2340
2340,2429
2429,2489
390,389
389,2094
2094,390
409,408
1941,639
639,638
638,1941
2375,1849
1849,2143
2143,2375
1758,111
111,2444
2444,1758
2229,2414
2145,372
1511,2336
2336,1949
1949,1511
1144,1143
1143,2097
2097,1144
2309,1899
1899,261
261,2309
1128,1511
1511,1129
1129,1128
2227,2488
2488,2910
2910,2227
1390,2223
2223,1875
1875,1390
1917,1148
1148,1147
1147,1917
1147,1624
1624,1917
1147,1146
1576,746
746,1983
1983,1576
284,1611
1611,1944
1944,284
1917,1149
1149,1148
2394,1959
1959,2016
2016,2394
1145,2096
2096,1624
1007,1006
2493,2332
1810,2493
1918,1155
1155,1154
1155,1449
1156,1155
2097,1919
399,1914
1914,2004
2004,399
852,851
851,1835
1835,852
1450,2243
2243,1918
1963,1559
1261,1963
2026,2316
2316,2015
2015,2026
1150,1450
1450,1151
1151,1150
1450,1152
1152,1151
1153,1152
1450,1153
1754,205
205,1873
1873,1754
1502,2150
2095,2243
2243,1448
1448,2095
260,259
259,2461
2461,260
2541,2161
1154,1153
1780,1351
290,1780
2356,752
2192,2356
388,1915
2094,388
297,2446
2446,1443
850,1835
851,850
1494,1162
1162,1161
1161,1494
1162,1354
1354,1163
1163,1162
2319,558
558,557
557,2319
1354,1610
1610,1164
1164,1354
2219,1388
1388,2261
1164,1163
1610,1165
1165,1164
2158,2001
1910,2158
1716,1576
1166,1165
1930,2451
2450,1930
2326,1565
1565,2327
2327,2326
2521,2402
2402,2131
2131,2521
2294,1780
1780,289
359,358
358,1790
1790,359
2079,1175
1175,1174
1174,2079
1524,1178
1178,1177
1177,1524
1495,2160
2160,2024
2024,1495
1176,2310
1952,1176
1670,2319
2319,1855
1855,1670
1565,1171
1171,1170
1170,1565
1169,2327
2327,2128
2128,1169
2180,2403
1333,1993
1993,857
857,1333
2353,1991
1991,2286
1565,2127
2127,1171
719,718
1548,2464
2464,2466
2466,1548
1638,2335
2335,2205
2205,1638
2061,2124
2124,2223
2223,2061
2535,2222
2222,2379
1167,2211
2211,2212
1524,1557
1557,1178
2255,2641
2641,2182
2182,2255
2026,2349
2349,2316
2411,1945
1945,2183
2183,2411
1700,334
334,1967
1375,1377
1307,1375
573,572
572,1802
1802,573
1497,1373
1944,285
285,284
574,573
573,1390
1390,574
284,283
283,1611
282,1355
1355,1611
1611,282
534,533
1359,534
1355,281
281,280
280,1355
282,281
1745,2077
2077,1741
1741,1745
1342,1069
925,924
924,2413
2413,925
283,282
461,2174
2174,2435
279,1355
280,279
859,858
858,1786
1786,859
262,1899
1899,2307
2307,262
2074,1734
1734,1180
1180,2074
264,263
263,2307
2307,264
265,2307
2307,2309
2309,265
1192,1356
1356,1572
1572,1192
263,262
304,1974
1974,2314
1131,1130
1130,1348
1679,1344
2077,1679
290,289
275,274
274,1594
276,275
2198,276
312,311
311,1752
2572,1199
1199,1694
1694,2572
2038,1314
1792,1871
1871,887
887,1792
266,265
1179,1178
1557,1179
1702,1001
1001,2734
2734,1702
279,278
278,2054
1710,355
355,354
354,1710
1695,1451
1451,1182
1184,1451
1451,1920
1920,1184
1676,1546
1546,2057
2057,1676
1714,2074
1180,1714
2073,1490
1768,2379
2379,1865
1865,1768
1372,2245
2245,1789
1189,1356
1356,1190
1190,1189
1966,1770
605,1966
1005,1004
1189,1188
1188,1356
1186,1185
1185,2308
2308,1186
2250,1895
1196,1846
1846,2300
2300,1196
2545,2470
2470,1031
1191,1190
1356,1191
1187,1417
1417,1188
1188,1187
1183,1182
1451,1183
2072,1658
1616,2072
1777,1680
1680,1346
1346,1777
1192,1191
1549,278
278,277
1185,1184
1920,1185
1846,1194
1194,1572
1572,1846
1417,1572
1356,1417
1600,2020
2020,1719
1719,1600
1652,2067
2067,2111
1572,1193
1193,1192
1194,1193
2464,320
320,1985
1985,2464
1572,1573
2088,2115
1860,2088
1184,1183
1611,2253
2253,1944
1549,2054
1224,1930
2450,1224
274,1652
1355,2253
1234,1932
837,2009
2095,1917
1624,2095
993,992
420,419
419,1561
2008,1479
1479,2159
970,969
1958,2349
2349,1541
658,657
657,1357
1357,658
1966,2169
2350,641
2190,2350
1357,1681
1681,659
659,1357
1492,2137
2137,1125
2321,2039
2039,2350
1443,2396
2396,2041
641,640
640,1482
1554,1712
1712,1713
1713,1554
1907,1410
1410,1878
1408,629
629,628
628,1408
628,1810
662,1865
1865,2378
2378,662
168,167
1696,168
640,639
639,1482
1199,1198
1198,1694
1042,1308
1308,1664
1252,1251
1251,1731
1731,1252
2916,2071
2071,2204
2204,2916
1633,2071
645,644
644,1358
2350,1358
1358,642
642,2350
1181,1180
644,643
643,1358
1251,2139
2139,1731
638,1525
1941,1482
584,583
583,1625
1667,1664
637,1525
638,637
272,1467
1467,2240
2240,272
1660,1610
635,1525
1525,636
636,635
1809,629
629,2297
1782,2381
1869,1782
1639,1503
1503,1206
1812,531
531,530
532,531
531,1411
533,532
1359,535
535,534
1637,1492
1359,1783
360,359
359,1699
1699,360
680,679
679,1402
1595,1993
1333,1595
746,745
1793,1380
1380,513
529,1595
530,529
857,856
1812,1411
1993,858
858,857
2473,2546
2546,1994
1994,2473
73,72
72,1644
586,1683
1683,587
587,586
585,1683
586,585
585,1360
1360,1683
2573,2303
2303,2187
1683,588
588,587
2465,2464
253,252
252,1514
1514,253
597,596
1541,597
2187,540
540,2254
2254,2187
1956,1219
1219,1218
1218,1956
1783,537
537,536
1786,1363
1363,859
211,1800
1800,212
212,211
1534,2239
2239,2050
2050,1534
2400,2121
1435,2400
2325,2218
2314,1353
659,658
1772,1330
2381,647
647,646
646,2381
655,654
654,1526
1526,655
1526,2047
2047,655
2095,2005
2005,1917
2174,460
460,2116
2116,2174
822,821
1840,1545
1545,1841
1841,1840
1596,1525
635,1596
1596,634
634,632
632,1596
2563,429
429,428
633,632
634,633
1340,1014
1774,1340
1787,1365
1365,433
433,1787
1414,2382
582,1452
2006,582
2385,2386
2386,1361
1361,2385
1746,2077
651,650
650,1612
1612,651
2178,2597
2597,2104
2104,2178
1418,650
650,649
649,1418
1282,2143
1849,1282
2392,2617
2617,2577
1418,1612
649,648
580,579
579,1527
1527,580
670,669
2111,2198
1381,477
477,1794
1794,1381
579,578
578,1527
2250,2270
2270,1895
1527,581
581,580
1422,327
327,1880
1880,1422
1612,652
652,651
1495,1944
2253,1495
578,576
576,1527
1895,1446
1683,589
589,588
1364,1513
356,1364
2061,592
592,591
591,2061
2546,1684
1684,2070
2070,2546
1085,1084
589,1453
1453,590
590,589
1805,1397
1397,26
1570,508
508,507
507,1570
496,1581
1582,496
1684,544
544,543
543,1684
1039,2275
2275,1604
1604,1039
524,1706
1706,525
525,524
2187,537
523,522
2231,1802
1802,2482
2482,2231
116,115
115,1719
1719,116
1476,1906
1906,1630
1630,1476
543,542
542,1684
576,575
575,1527
581,1452
582,581
240,1655
1655,1613
1613,240
542,1362
1362,1684
1654,1612
2132,41
41,40
40,2132
1657,1306
1437,1657
2157,1981
2456,892
892,1550
1550,2456
542,541
1877,1405
1975,2101
2101,1620
2187,2487
2487,537
1981,1706
1923,520
520,1456
593,592
592,2231
577,576
578,577
526,1706
527,526
1860,669
669,668
637,636
1988,1348
1348,2229
1838,883
883,882
882,1838
1363,860
860,859
739,1310
1701,739
2200,63
63,2159
2159,2200
1785,2053
2053,1669
875,874
874,2053
2053,875
1678,1253
1253,1731
1731,1678
1786,2099
2099,1363
2053,1542
1542,875
389,388
396,392
392,2323
2323,396
1493,1350
1350,1943
2092,721
721,1898
431,430
430,2360
2360,431
1760,716
716,715
396,393
393,392
1622,382
382,381
1785,860
402,401
1542,878
878,877
877,1542
1960,892
2456,1960
685,684
1953,1528
1528,880
880,1953
1542,2099
430,1753
1753,2360
393,395
395,394
394,393
396,395
2374,2609
2609,2457
2457,2374
2497,2360
1753,2497
979,978
1814,979
1737,1515
1515,1704
1794,2123
2123,1381
1927,181
181,180
1507,1338
2395,301
301,300
300,2395
526,525
1408,2297
2122,884
884,1923
2153,1464
1464,1928
344,342
342,341
341,344
344,343
343,342
1515,96
96,95
95,1515
1659,1977
1126,1659
1476,11
2170,2042
2042,1449
1449,2170
1621,1657
388,1352
1850,1063
1337,1850
145,1629
1629,1472
1472,145
1457,1825
1548,2016
2016,321
2394,2224
2224,2498
2498,2394
340,339
339,1543
1543,340
2094,2323
339,338
338,1513
1703,1980
2041,2395
338,1454
1454,1513
2432,2865
2865,923
923,2432
355,1364
356,355
1617,1710
1710,1421
1617,347
347,346
1421,354
354,353
353,1421
625,624
1811,625
1711,344
341,1711
445,444
444,1575
2131,1585
341,340
340,1711
1882,480
480,1499
1499,1882
466,2615
2615,2499
2499,466
2339,2271
892,891
434,1365
1365,1544
1544,434
1518,1705
1517,1518
1039,1592
1496,436
436,435
435,1496
435,434
1544,435
882,881
881,1528
1528,882
438,437
258,1551
1551,2459
2459,258
434,433
1176,1175
2079,1176
437,436
1939,2320
2320,2236
1394,1227
1227,1688
551,550
550,1455
1455,551
2019,1454
1454,337
1040,1664
1667,1040
1309,505
505,504
890,1498
1498,1842
1376,553
553,1305
1048,1047
518,2247
2247,1456
885,1366
1366,886
886,885
1056,1055
884,1838
1831,1500
2601,773
773,772
1367,1419
1419,439
1475,1247
1247,1246
440,1419
441,440
1720,1474
1704,95
95,94
440,439
2440,1330
442,1426
1426,443
443,442
1637,2137
1528,1838
1542,876
876,875
1421,352
352,1369
1352,1416
1416,385
351,350
1369,351
643,642
433,432
352,351
2335,2480
2480,1660
349,348
2013,31
31,30
1788,368
368,2364
2364,1788
1370,368
368,367
740,739
1204,1973
1973,1205
1205,1204
2498,1788
1788,2295
2295,2498
1370,2364
1740,2064
2064,1489
1489,1740
1612,653
653,652
353,352
367,366
336,335
335,358
1699,1700
1700,1371
1371,1699
1371,1497
2081,1642
1642,1365
1365,2081
1422,2305
81,2188
82,81
598,1957
1957,2100
496,1424
497,496
197,1874
1874,198
198,197
365,364
364,1372
1372,365
366,365
2069,2321
2321,660
1693,564
564,1423
1423,1693
1790,1699
1791,363
363,2365
2365,1791
539,2487
2487,2254
2254,539
364,2366
2366,2245
2245,364
335,1700
1699,335
1880,2305
1375,554
554,1377
1841,2557
2557,1840
884,883
383,1622
1141,2263
2263,2097
2097,1141
917,916
1537,917
1802,1390
871,2185
2185,1669
1777,2283
2283,1680
2129,2474
1566,2129
1626,1715
1982,1626
569,1855
570,569
166,165
165,1755
1755,166
594,593
1994,594
1998,823
823,822
546,1566
1566,547
547,546
501,1582
1582,502
502,501
1715,548
548,547
547,1715
548,1626
1626,549
549,548
2496,2199
2199,35
1963,1260
1260,1568
1568,1963
550,1626
1670,568
568,567
567,1670
1557,2290
1693,566
566,565
565,1693
667,2088
2210,566
1693,2210
565,564
1922,2062
2062,557
557,1922
1374,560
560,559
2210,558
558,1670
1670,2210
563,562
562,1423
1423,563
1798,204
204,203
203,1798
561,560
1374,561
1557,1744
1744,2290
2433,2358
2358,1532
1532,2433
569,1670
1598,329
1816,1598
550,549
861,860
1120,1119
18,1630
1630,2340
2340,18
381,380
380,1852
2189,1411
1812,2189
1116,2283
2283,2522
2522,1116
1355,2182
2182,2253
1375,555
555,554
1366,1792
887,1366
1057,1056
2075,1576
1716,2075
1064,2206
2206,1415
887,886
517,2089
2089,2247
2247,517
2247,2122
2040,517
517,516
552,1302
1302,553
553,552
520,519
1455,1922
1922,551
1034,2060
2060,2516
1047,1657
2062,2319
1380,2040
515,1380
911,1857
1697,911
552,551
1922,552
1922,1302
1380,514
514,513
2334,2427
2427,2354
2354,2334
1064,1656
1656,2206
1379,889
889,888
888,1379
2296,511
511,1685
1685,2296
2105,1907
2296,512
512,511
1524,1744
515,514
509,508
1570,509
511,510
510,1685
2038,2112
2112,1314
1302,1305
1423,561
1374,1423
562,561
1570,2492
2492,2548
2548,1570
2086,2485
1936,2392
1249,1936
1341,1775
1775,2173
2173,1341
491,2125
2125,492
492,491
2114,742
742,741
1857,910
490,2401
2401,2125
2125,490
489,2401
490,489
1453,1683
1529,492
487,486
1597,487
1705,2075
484,1457
1457,485
485,484
1629,2149
1825,483
483,482
482,1825
2463,1593
1722,2463
417,1997
418,417
484,483
483,1457
106,2049
2049,1532
1532,106
482,2086
480,479
479,1499
478,1499
479,478
478,1381
1381,1499
478,477
2260,1732
1732,2216
2216,2260
1502,139
139,1883
1883,1502
2135,2136
2136,1637
2448,2449
2449,2447
2447,2448
1997,1843
1843,2232
488,487
1597,488
1794,476
63,1938
498,1382
1382,499
499,498
500,499
1382,500
2440,2390
2390,920
920,2440
501,500
498,497
1357,2069
1654,653
2132,47
47,46
46,2132
1082,1722
1083,1082
1537,1560
1236,2191
2191,1237
1237,1236
1424,1582
1605,507
507,506
506,1605
2540,2623
2623,1968
495,494
2017,1313
494,493
493,1529
199,1388
2219,199
493,492
474,2692
2692,2401
2401,474
204,1873
205,204
475,2401
2401,2123
1574,495
2311,1574
595,1958
596,595
1646,504
504,503
503,1646
104,1903
1903,105
105,104
891,1996
1996,2374
2312,465
465,464
464,2312
502,1646
503,502
1777,1440
2490,1777
1309,506
506,505
2397,2540
2065,2397
1309,1605
446,1818
1818,1425
8,1733
2130,1685
2370,1820
1820,2371
2371,2370
76,2050
2050,1934
1934,76
471,2168
2168,472
472,471
444,2058
1383,449
449,448
450,1500
1500,451
451,450
1603,1280
1280,2133
2133,1603
1978,1842
1500,452
452,451
1575,1425
786,785
785,1584
1573,1417
1425,1383
2218,1595
1425,1847
1961,258
2459,1961
1627,120
1972,1627
1967,333
333,1598
1586,765
2193,1586
457,2116
2116,458
458,457
274,273
273,1652
459,458
2116,459
460,459
1498,889
726,725
450,1383
877,876
2460,2461
2461,2459
2459,2460
1672,111
111,110
110,1672
2447,455
1458,2447
419,418
2079,2310
450,449
1236,1235
1235,2191
1924,455
2447,1924
2449,1924
1633,2204
1373,2365
328,1422
1422,1816
331,1598
1598,332
332,331
1598,330
330,329
2021,2027
2027,135
135,2021
1041,1040
1260,1259
1259,1568
397,2532
2532,2233
2233,397
326,2106
631,630
630,2346
1671,2607
2607,2276
2276,1671
1001,1000
1000,2734
1436,869
869,1509
325,324
324,2106
2106,325
1831,452
1068,1067
333,332
331,330
1760,1319
231,2034
2034,232
232,231
2644,2326
737,736
233,2117
2117,234
234,233
1725,2064
2064,1665
666,665
245,230
230,246
246,245
2034,230
245,2034
177,1928
1464,177
2430,2607
2607,246
246,2430
231,230
2034,2468
2468,232
1284,1546
1546,1285
1285,1284
1672,2358
2358,2444
2444,1672
233,2468
2468,2117
2341,247
247,2276
2276,2341
242,235
235,2117
2117,242
1920,2308
2179,2477
2477,1752
1279,2133
1280,1279
890,889
1722,1081
1081,1080
1570,2130
2565,2131
1623,313
313,312
1613,241
241,240
632,631
631,1596
463,462
462,1384
1384,463
1543,1711
242,241
236,1655
1655,237
237,236
1613,1385
1074,1073
1645,1074
236,1613
1993,1786
238,237
240,239
756,2126
569,568
468,467
467,2499
2499,468
471,1796
1796,2168
2179,2147
2147,1781
1781,2179
1797,2091
1872,1797
2407,473
473,472
472,2407
1362,2070
2736,694
694,693
693,2736
1605,1968
1968,1570
1570,1605
206,205
1754,206
1448,2005
1728,1665
1665,2072
1846,1195
1195,1194
1019,1018
1309,1968
1696,2027
2021,1696
1384,464
464,463
203,202
635,634
1690,86
86,2285
2285,1690
2234,196
196,1946
1946,2234
1989,164
164,163
163,1989
2120,209
209,208
208,2120
1387,1459
1459,2304
1874,1799
1799,198
211,1389
1389,1800
194,1501
1501,195
195,194
2219,1459
1459,199
1255,1254
1254,2051
2051,1255
211,210
1420,1426
1426,1508
70,69
1516,70
197,196
196,1874
201,1459
1387,201
200,199
1459,200
1918,1449
201,200
1586,2503
2503,2431
2431,1586
153,152
152,1460
1460,153
1592,1520
1520,2554
1580,1574
1574,2397
2397,1580
152,151
151,1460
151,150
150,1460
2471,2546
2070,2471
2138,1371
1460,154
154,153
1671,246
155,1460
1460,156
156,155
1559,1962
1962,1262
741,740
2311,2639
2639,2540
2540,2311
2248,1499
1499,2123
2123,2248
235,234
1796,1892
1892,2168
2304,1754
1922,556
556,1302
1875,2124
2124,1801
2391,2393
2393,2392
2392,2391
1710,345
345,344
344,1710
227,251
251,228
228,227
853,852
1835,853
227,226
226,1461
1461,227
250,249
249,1900
1900,250
1615,1063
250,228
251,250
2434,2504
2504,2420
1514,226
226,225
253,1718
1718,254
254,253
679,678
1501,2012
2012,195
1227,1226
252,1461
1461,1514
1514,1599
1599,253
2598,7
7,6
6,2598
386,385
948,947
1900,228
214,213
213,189
189,214
213,1901
1901,189
171,170
1465,171
1494,2257
188,215
215,214
214,188
224,1599
442,441
1508,442
1284,1283
1283,1546
1015,1340
2035,215
215,187
187,2035
2035,216
216,215
2379,2378
223,1599
224,223
189,188
348,347
1908,759
759,758
482,481
257,256
256,1551
1551,257
1620,1433
255,254
1717,1551
1158,1157
1157,2042
2042,1158
1599,2238
2238,1717
328,327
2044,221
221,1462
1462,2044
1717,2460
2460,1551
221,220
220,1462
824,823
219,218
218,1462
1462,219
258,257
299,298
1686,1391
1391,2405
2002,1911
1911,688
184,1686
1686,185
185,184
727,726
2035,185
1686,2035
187,186
186,2035
627,1810
628,627
184,1391
790,2171
2171,791
791,790
1391,183
183,182
1814,1507
1412,976
976,2084
180,179
179,1463
1927,1391
2035,217
217,216
1820,904
184,183
188,187
2439,178
178,2118
425,424
248,229
229,1900
1900,248
799,798
1428,799
2048,1901
1901,1800
191,2048
2048,192
192,191
1901,190
190,189
1740,1074
1645,1740
380,379
190,2048
191,190
1995,1105
1105,1815
1815,1995
2343,2288
1201,2343
2022,136
136,2027
2027,2022
1517,738
1755,2103
2103,1989
1989,1755
2047,2318
656,2047
1755,1552
1552,1466
1466,1755
1544,1496
2120,1389
2306,1833
1833,2469
2469,2306
1264,1263
1263,1553
1553,1264
2357,709
709,708
2356,753
753,752
2043,156
1460,2043
1896,140
140,1502
1261,1260
140,139
161,1756
162,161
2249,2108
2108,2139
2139,2249
160,1392
1756,160
1642,1544
160,159
159,1392
137,1552
1552,1989
1989,137
648,1886
1886,2385
1368,2058
444,1368
1196,1195
194,193
193,1501
1832,138
138,2078
2304,2481
2481,1754
207,206
1754,207
2124,575
575,1801
1625,2061
2061,1453
133,174
174,134
134,133
175,174
133,175
383,382
176,175
133,176
130,2118
2118,177
177,130
591,590
1453,591
1464,130
1464,131
131,130
304,303
1464,132
132,131
252,251
251,1461
173,1902
1902,174
174,173
178,177
1696,1466
1466,2022
2022,1696
2103,164
1696,169
169,168
605,604
159,158
1696,1465
2149,141
141,2043
2043,2149
161,160
1465,172
172,171
1902,134
149,1827
1827,2043
2043,149
173,172
172,1902
1902,2021
2021,134
135,134
1906,1398
2176,1906
1874,2261
2261,1799
167,166
2228,119
119,118
87,1690
1690,2284
2284,87
2532,2323
2094,2532
2109,2051
2051,2486
2486,2109
564,563
130,129
129,2118
1732,2077
123,2164
2164,124
124,123
1069,1068
1079,1078
220,219
272,271
270,269
269,1467
273,2067
1805,2148
1695,2113
2113,2421
2421,1695
2572,1200
1200,1199
1201,1200
1200,2343
2493,1410
1907,2493
118,117
2633,2240
2240,2483
2483,2633
1929,269
269,268
1198,1197
769,768
121,1627
1627,2203
2203,121
371,370
2063,1628
557,556
2164,2063
121,120
3019,3018
3018,2608
2608,3019
1973,1639
2386,1837
1837,2318
2318,2386
654,1361
1361,1526
114,1600
1600,115
115,114
1580,1646
1581,1580
117,116
905,1820
1010,1009
1929,1467
2293,113
1758,2293
265,264
1333,1812
1769,607
1503,1393
1393,1207
1207,1503
1826,2214
2214,1212
1212,1826
335,1790
2345,2774
2774,2534
2534,2345
1304,1750
2325,1528
1209,1468
1468,1210
1210,1209
1468,1208
1208,1393
1208,1207
1209,1208
2213,1743
2005,1149
1207,1206
1804,1876
1143,1142
1142,2097
1216,1215
213,212
212,1901
1503,1661
1661,1393
2237,1217
2036,2237
1639,1661
1145,1144
1757,1213
1213,1212
1212,1757
1211,1210
2462,1973
1973,1727
1727,2462
2238,2460
2751,1221
1221,2506
2506,2751
2508,2224
2224,2465
1946,195
2012,1946
1973,1661
1955,1220
1956,1531
114,113
2191,2584
2584,2437
2165,2405
2405,1927
1124,1123
1926,2439
128,127
127,1628
1628,128
150,149
149,1460
127,126
1221,1955
706,705
110,109
422,421
1414,2383
2383,2382
2358,108
108,1532
314,313
107,1532
108,107
319,318
103,1903
104,103
60,1479
1479,61
61,60
103,102
102,1903
1491,1658
1658,1636
2024,286
1707,1903
102,1707
1484,1554
102,101
101,1707
101,100
100,1707
106,105
105,2049
98,1933
1933,2181
2124,1527
141,2469
98,97
97,1933
1541,2026
2026,597
107,106
2536,2268
2268,2239
2239,2536
97,1471
249,248
1222,2451
2451,1223
1223,1222
1886,2386
1931,1225
2453,1931
1687,1229
1229,1394
1877,2359
1930,1223
2243,1150
1150,1448
1394,1228
1228,1227
1470,1232
1232,1231
1231,1470
1229,1228
2474,2473
2473,2482
2482,2474
1642,2410
2410,2180
2180,1642
1231,1230
1471,1737
1737,2154
1230,1229
2183,2011
2011,2024
2024,2183
1961,2461
259,1961
2156,2388
1845,1240
1240,1571
1241,1395
1395,1242
1242,1241
97,96
96,1471
1948,2336
1511,1948
1233,1232
1571,1237
2224,1640
2395,2578
2578,301
1241,1845
2002,690
1238,1237
1571,1238
1239,1238
1571,1239
2912,2270
2270,2552
2552,2912
2467,1158
2042,2467
1240,1239
2482,1994
1263,1962
1962,1553
93,92
1689,93
1225,1224
1224,1469
2011,286
2445,850
850,849
112,111
2118,128
1595,1786
155,154
2309,1929
143,142
142,1629
1629,143
1472,148
148,147
147,1472
1629,144
144,143
145,144
147,146
146,1472
2061,2098
2098,1921
1921,2061
64,63
63,1606
1515,1471
1642,1496
1527,1452
1692,1414
1062,1844
90,1840
2557,90
766,765
1646,2065
157,156
146,145
1082,1081
1708,85
85,1533
2207,2206
1002,1702
1702,2287
81,80
80,2188
709,1647
710,709
1887,485
85,84
84,1533
90,89
89,1840
1473,2268
2268,2454
2454,1473
1708,86
86,85
1625,2098
84,83
1546,1399
2607,2341
223,222
2238,223
1395,2368
2368,1242
23,1536
1536,2273
2273,23
88,1396
1396,1545
1545,88
87,1396
88,87
881,880
1935,78
78,2454
2454,1935
1545,89
89,88
944,943
1062,1061
1473,77
77,1934
1934,1473
77,76
1034,1033
1033,2060
65,1474
1720,65
1720,66
66,65
68,67
67,1516
67,1720
1039,1038
67,66
1676,2208
2208,1292
1292,1676
1558,74
74,73
1444,2265
2265,2337
1949,1348
880,879
71,70
1606,71
1315,1644
72,1315
1893,2306
2469,1893
75,1558
1558,1534
1534,75
1033,1032
1032,2060
2050,75
1243,2553
2553,2037
2037,1243
1589,1975
46,45
45,2132
222,221
1635,2073
2472,1635
1602,44
44,43
43,1602
52,51
51,2272
2272,52
2272,53
53,52
334,333
1276,2281
2281,1675
2801,2800
2800,55
55,2801
2530,2561
2561,1271
1271,2530
2662,48
48,2355
2355,2662
138,137
137,2078
41,1602
1602,42
42,41
1796,470
1601,2132
40,1601
1396,1841
1861,2377
1602,45
45,44
1880,1817
1817,2305
1601,39
39,38
38,1601
37,1601
38,37
40,39
1602,2132
1950,1091
1091,2260
2260,1950
1092,1091
37,36
36,1601
2227,2262
2132,2496
2478,79
79,1935
1935,2478
43,42
163,162
35,34
34,2355
1169,1726
1726,2327
2049,2433
59,58
58,1673
1673,59
2367,1795
2278,1673
2625,2624
2624,1730
1730,2625
62,1479
2008,62
62,61
1585,2565
2565,2192
60,1673
1673,2277
2277,60
60,59
1665,1636
1658,1665
72,71
71,1315
54,2272
2272,2801
2801,54
2252,2734
2415,2525
2525,2235
2013,2235
1947,2013
2004,1444
2265,2004
32,1504
2235,32
2478,2188
80,2478
29,1397
1876,29
2232,1579
1947,31
2342,2533
2533,2282
2282,2342
1397,28
28,27
27,1397
27,26
1348,2336
2336,2229
29,28
2308,1694
2300,2308
2101,690
54,53
2415,2653
2653,2525
1988,1133
1087,1776
1776,1345
2501,2389
2230,2501
2533,1278
1278,2282
1651,1976
1976,2018
1853,1534
2055,1553
1553,2427
2427,2055
2528,1567
1567,2056
2056,2528
2136,1659
1659,1666
1644,2256
2256,1853
1920,2421
2421,2308
612,611
1258,1568
1259,1258
272,2067
273,272
2268,2050
2055,1265
1265,1264
1264,2055
1711,1710
2268,1934
1134,1133
1988,1134
2556,2277
2277,2560
2560,2556
75,74
1270,1269
1269,1674
1674,1270
1268,1267
1267,2280
567,2210
1674,2279
2279,1270
1567,1275
1275,1274
1272,1271
1791,2366
364,1791
1269,1268
1878,625
1275,2281
1276,1275
2112,1677
1942,2010
1567,2281
1266,1265
1265,1730
1730,1266
1814,1338
2392,2007
2007,2391
1250,2139
1251,1250
2108,2051
1254,2108
2353,2984
2984,1991
2007,1248
1839,2372
2372,2426
1465,1902
1245,2515
2515,2162
2162,1245
2296,1793
2437,1395
2368,1803
1803,1242
2423,2089
2089,2317
2317,2423
1244,2037
2037,2515
2515,1244
2040,2317
2317,517
1248,1247
1253,1252
2139,1678
1254,1316
1316,2108
2507,2551
2551,2209
78,1473
2630,2672
2672,2776
2776,2630
1676,1290
1290,1289
2138,1497
1288,1937
521,520
1291,1290
1676,1291
1477,1546
1477,1287
1287,1286
1286,1477
2181,2155
2155,99
1135,1134
2146,1858
558,1693
559,558
2351,2331
1429,2351
78,77
2336,2777
2777,2229
1263,1262
22,21
21,1536
1536,22
2273,24
24,23
19,1536
1536,20
20,19
2386,1526
21,20
2090,1379
888,2090
23,22
1724,1641
2897,1998
1998,2597
2597,2897
1,2163
2163,2
2,1
2250,2552
2682,2273
2273,2602
2602,2682
1281,1280
1603,1281
2602,1279
1279,2682
1630,17
17,16
16,1630
76,75
1675,2342
2342,1277
1476,16
16,15
15,1476
800,799
799,2102
14,13
13,1476
1476,14
2021,1465
15,14
1925,2441
2441,2448
12,1476
13,12
1976,2216
1398,9
9,8
10,1398
2419,1600
1980,357
10,9
12,11
1086,1085
2288,1727
2057,1569
1569,1293
1293,2057
18,17
1937,1287
142,141
141,1629
1214,1213
1282,1399
1399,1283
1283,1282
831,2376
2376,2110
1477,1285
2256,2334
2334,2536
2536,2256
1292,1291
1569,1295
1295,1294
1294,1569
2208,2057
1293,2208
2227,1951
2013,2148
1294,1293
2522,2085
1296,1295
1286,1285
2059,3
3,2
2,2059
1300,2082
2082,1301
1301,1300
6,5
5,2598
1,1301
1301,2163
1548,2394
1842,2374
2163,2059
1914,398
398,2233
2354,2536
1298,1297
1589,692
413,1836
1836,1350
2375,1281
2522,1663
1806,2082
2467,2509
2509,1158
2015,597
2438,2740
2740,2059
2059,2438
2274,2489
2489,19
19,2274
1177,2014
1593,1976
666,2088
667,666
136,135
1689,2241
1881,148
2012,2234
836,2320
1939,836
2160,2183
2266,2234
2012,2266
931,930
930,929
929,2322
674,673
693,692
692,2029
2031,2030
1303,2031
1058,2030
1779,2032
2543,2446
2446,1913
1373,2138
326,325
244,2468
2468,245
245,244
233,232
186,185
1686,217
2462,1661
2237,1218
1218,1217
2553,2515
1246,1245
926,925
3069,2710
2710,3067
3067,3069
2380,1357
657,2380
2069,2380
1793,2317
2317,1380
2090,1871
1792,2090
297,1913
2962,2710
2710,2642
2642,2962
1918,2170
2170,2324
2324,2779
2779,2170
141,1884
1884,2469
2412,2763
2763,2165
2165,2412
2260,1522
2107,192
2048,2107
1526,2318
1903,2049
1903,2433
1853,2239
1258,1257
2494,1258
2109,1255
403,2052
2198,1549
1734,2113
1553,2354
2055,1730
2530,1674
2280,2530
49,2650
2650,50
50,49
2143,1281
1577,2058
2059,2082
2082,2438
2059,4
4,3
2470,1032
1032,1031
2769,2942
2942,2620
2620,2769
2006,2061
1921,2006
1982,2062
2319,1982
2203,2412
122,2203
2387,1463
2397,1646
2110,2897
2897,2571
2571,2110
2066,2320
2240,2111
2067,2240
2020,2534
2534,2228
2136,1977
657,1869
541,1870
1994,2471
2301,608
608,1769
1616,2207
2207,2593
2593,1616
2593,2072
2470,2060
2291,1744
1744,2570
2570,2291
2074,2113
1834,2075
2521,2075
1245,1244
2608,2444
2358,2608
1732,1741
1174,1173
1173,2079
2326,1173
1173,1172
2360,2080
901,900
2186,901
2081,2497
2497,2410
2410,2081
2457,1550
1849,2082
934,933
929,928
928,2322
974,2501
2501,975
975,974
1115,2283
1116,1115
2166,1848
1848,1887
413,2087
2222,2425
2519,2088
2296,2317
888,1871
2090,2167
1797,1386
1386,2091
2499,1386
1386,468
2215,1319
1318,721
2627,1828
2267,2627
2628,2626
2626,2627
2627,2628
392,391
2095,2324
2324,2243
2324,2096
1919,2324
2096,2095
1142,1141
2777,1140
1140,2414
2414,2777
583,2098
2218,1786
1957,2015
2316,1957
2217,1783
691,2101
691,690
2141,2178
165,2103
2267,2023
2236,2267
2010,2399
2399,2105
1907,2614
2614,2493
2269,2106
324,2269
2139,1316
1316,1678
2897,1619
2051,2249
2249,2486
2571,2320
2066,2571
2534,2172
2172,2228
2315,2914
2914,2542
2542,2315
2578,302
302,301
2291,2074
2255,2054
1549,2255
1716,2114
2476,1329
1329,2766
2766,2476
2301,2766
456,1924
2449,456
461,460
244,243
243,2117
2117,244
243,242
129,128
2439,2063
2063,2165
2590,2093
2242,2590
2242,2526
2526,2590
2481,207
2266,193
1579,2400
2232,2400
885,2122
885,884
2485,489
489,488
488,2485
491,490
2615,2639
2639,2708
2708,2615
545,2473
2473,2129
1563,2356
1170,2128
2128,1565
572,2474
2474,1802
1968,2492
462,2367
2367,1384
2521,1576
1807,2402
2402,1877
1279,1278
1278,2682
2740,4
2562,1622
1852,2562
1995,2384
2384,2490
2490,2283
2522,2749
2749,2135
2135,2522
1666,1125
2454,2632
2632,1935
7,2140
1691,7
2602,2133
2177,2141
1616,2206
1849,2438
2224,2144
1854,372
2071,2475
2331,2220
2220,770
2525,32
309,2147
1771,1329
1329,2151
2010,2476
2476,2399
2511,2076
2076,2484
2484,2511
2154,2589
2589,2181
2181,2154
2452,2453
1469,2452
2589,2155
2584,2388
2388,2404
2404,2584
2325,1838
1910,939
939,2158
939,938
2277,1479
2200,2256
1644,2200
2310,1744
2411,287
287,1945
1351,2424
2424,1779
2368,2594
2594,1803
1841,2539
2539,2557
2082,2163
123,122
122,121
2203,2664
2664,2412
2251,217
2086,2248
2248,2485
1386,2406
2168,2407
2619,2093
2590,2619
2347,2301
1866,2347
2263,1919
2428,2336
1948,2428
1584,2171
1972,2172
2172,1627
2228,1972
2408,2173
2283,2645
2645,2749
2749,2283
457,456
456,2550
2550,457
2167,2423
2423,1978
2371,2372
2936,901
2186,2936
1630,2429
2176,2429
2429,1906
2409,816
816,815
2141,2442
2442,2178
2702,2921
2921,2686
2686,2702
1781,1868
2422,1781
2458,1960
2456,2458
2154,2511
2511,2589
2198,2255
2291,2113
2160,2411
1945,2011
2600,779
779,778
778,2600
2409,2542
2542,2442
898,897
2497,2080
2786,2573
2573,2217
2217,2786
2303,540
80,79
2284,1396
1835,2189
1835,2217
1941,2330
2330,1482
1768,661
661,2190
2190,1768
1226,2404
2404,2156
2643,2553
2553,2594
2594,2643
2431,2351
1429,2431
692,2195
2517,2523
2523,1588
2110,2066
1591,2197
1591,831
2343,2544
2544,2288
36,2199
2199,1601
2422,2179
1619,1851
2477,2567
2567,1623
1623,2477
2172,2203
2412,2063
2956,2916
2916,2659
2659,2956
1668,2520
2520,2514
2620,2142
1043,2620
1042,2554
2554,2620
2620,1042
1098,1097
2260,2735
2046,2260
1167,1166
2478,2603
2259,1168
2212,2259
2284,1841
1757,2495
2214,1757
2735,1976
1976,2463
2463,2735
1091,1732
1519,2526
528,527
2218,2099
1388,1799
2234,1874
771,770
2731,2619
2619,2728
2728,2731
2475,2510
2510,2146
2221,2510
2510,2357
2378,1326
630,1809
1802,2223
2223,592
369,2498
2498,1916
2333,2747
2747,2353
1539,2333
1956,2226
2237,1956
2910,2562
2562,2616
2616,2910
1836,1943
2020,2345
1140,1139
965,2417
2417,966
966,965
2501,1990
2223,2231
2524,1843
398,397
2488,2513
2513,2134
2134,2488
1501,2266
208,2481
2481,2120
1805,2415
25,2415
2702,2442
2442,2921
2738,2292
2495,2738
2237,2226
2044,2460
2256,2239
2494,1568
1929,2483
2483,1467
2569,2658
2658,2044
2044,2569
2484,2241
1689,2484
2241,2076
2445,1835
2243,2170
2274,2340
2416,1789
2245,2416
2416,1370
1389,2246
518,517
2123,2485
1250,2512
2512,2139
2486,1535
1535,2109
2508,2144
2202,2568
2568,315
315,2202
2569,1462
2645,2618
2618,2749
2287,2491
2491,1736
2182,2160
2160,2253
2487,538
538,537
539,538
2544,2462
1727,2544
2113,2780
2780,2673
2673,2113
2159,2256
2334,2583
2583,2427
2479,1638
1638,1160
2260,1976
2480,2212
2234,2261
2234,2481
1965,2337
2337,2513
2513,1965
2743,1977
2136,2743
2226,2791
2791,2790
2790,2226
2513,2265
2233,2513
2052,402
2481,2266
2571,2236
2628,2298
2494,1963
1257,1256
1256,2338
2244,2416
2416,2269
2269,2244
2245,2269
2508,2552
2552,2144
2422,2477
894,893
893,2339
2339,2458
2458,2588
2588,2339
50,2272
51,50
1271,2279
2279,2530
2489,1536
2598,2429
2429,2140
2140,2598
2516,2554
2274,18
2275,1042
2341,248
248,247
2560,1673
2278,2560
2427,1730
56,2529
2529,57
57,56
2802,2280
2280,2531
2531,2802
2272,2695
2695,2801
2528,2281
1675,2559
2559,2342
2382,2384
2384,1879
2282,1277
2384,1815
1815,1879
2285,2284
2603,2285
2285,1841
1991,2432
1702,2491
2697,2308
2421,2697
2198,2649
2649,2255
2625,2427
2583,2625
2529,2278
2310,2570
2570,2780
2780,2291
2444,3018
3018,1758
2292,1214
1600,2345
288,287
2411,288
2644,1173
1959,2295
322,1959
2548,2130
2267,2527
2527,2627
2628,841
841,2298
2299,2420
2299,1808
2815,2950
2950,2814
2814,2815
1784,540
2349,2573
2573,2316
2219,2304
2033,2305
2366,2033
1885,1833
1893,1896
1451,2421
2741,2611
2611,260
260,2741
2741,2309
2309,2611
2079,2676
2676,2310
2411,2294
2348,2639
1384,2312
462,1795
2418,2502
2502,976
976,2418
2443,965
965,1765
2640,2552
2508,2640
806,805
805,2315
2574,778
778,777
2573,2526
2744,2317
2296,2744
1837,647
647,2318
2381,2318
2571,2527
2527,2236
661,660
928,927
927,2322
3078,3079
2413,3078
2134,2532
2323,397
397,396
2263,2324
2934,2336
2428,2934
2676,2805
2805,2310
2610,2259
2212,2610
2610,1726
1726,2259
2294,2629
2629,1780
100,2328
2328,1707
2396,2446
2543,2396
2352,2535
2535,2346
2346,2352
2222,2378
1909,2431
2510,1858
2399,2614
2614,2105
2582,2747
2333,2582
2865,924
924,923
1962,2354
1559,2354
2479,2335
2629,2329
1442,2428
1977,2428
2486,1256
1256,1535
2249,2512
2457,2456
2754,2656
2656,2410
2410,2754
2341,229
2281,2555
2555,2559
2559,2281
2533,2653
2653,2700
2700,2533
2572,2343
2673,2421
2462,2495
2345,2419
2419,2581
2581,2345
2587,2237
2036,2587
2352,2297
2346,2330
2916,2475
2347,2585
2585,2301
2692,2125
2708,473
2407,2708
2398,1958
595,2398
2573,2398
2398,2303
642,641
2357,1647
2332,2535
2524,2232
2432,922
922,921
1963,2354
1963,2536
33,2525
2525,34
34,33
2528,2555
2357,2565
2356,1971
2356,2596
2596,2503
2503,2356
1707,2589
2589,1903
1737,2511
2402,2359
2521,2359
1753,429
429,2497
2537,2637
2637,2504
2504,2537
2361,2537
963,2434
1767,2591
2591,2363
2366,2305
2365,2366
2436,1384
2437,2368
902,901
901,2575
2575,902
1808,2538
2371,2575
2575,2372
2400,2783
2783,2121
2426,2333
2227,2576
2403,2441
2184,2377
1851,2897
2897,2376
2184,2564
2383,2384
1692,2383
2384,2586
2586,2490
2383,2586
1361,1654
1886,1837
2388,2191
1936,2007
2746,2632
2632,2745
2745,2746
2594,2437
2584,2594
2603,1841
2394,2295
2396,2579
2579,2041
2395,2579
2579,2578
2467,2665
2665,2509
2606,2848
2848,2467
2467,2606
2311,2397
2398,2070
2398,2349
2476,2667
2667,2399
2524,2582
2582,2232
2737,2400
2400,2582
2582,2737
2485,2401
475,474
1807,712
712,2402
2410,2605
2605,2180
1842,2609
2452,2404
2404,2453
2664,2763
2405,2762
2762,2251
2499,2406
2312,2613
2613,2623
2623,2312
2406,2407
2406,2708
2038,2580
2580,2112
2578,1974
2542,1748
2915,2564
2184,2915
2457,2458
2732,2160
2182,2732
2733,2730
2730,2732
2732,2733
2172,2664
1943,2500
2722,2538
2538,2707
2707,2722
2336,2776
2776,2777
2777,1141
1141,1140
2700,2682
2682,2533
33,32
2244,323
2443,2417
2501,2502
2418,2501
1970,2417
2443,1970
2502,2417
2293,2581
963,2362
2362,2434
2313,2420
2111,2649
2578,2642
2642,1974
2566,2567
2567,2568
2568,2566
2548,1685
2449,2505
2505,2550
2550,2449
2329,2541
2614,2332
2519,2115
2737,2372
2575,2737
2737,2426
2256,2583
2583,2556
2556,2625
2672,2324
2263,2672
2263,2776
2489,2273
230,2430
2607,229
2596,2431
2866,2984
2984,2636
2636,2866
923,922
2589,2328
2328,2155
2116,2558
2558,2174
2436,2312
2558,2435
2548,2622
2622,2744
2744,2548
2919,2617
2617,2393
2393,2919
2133,2438
2429,2739
2739,2489
1926,178
2605,2403
2423,2909
2313,2443
2433,2608
2450,1469
2119,2445
2526,2786
2786,2685
2685,2526
2687,2441
2441,2605
2605,2687
2448,2505
2441,2505
2652,2452
2451,2652
1226,1931
1931,2404
2751,1222
1222,1221
2512,2745
2745,2806
2806,2512
2226,2506
2458,893
893,1960
2457,2656
2656,2458
2656,2588
261,2611
2460,2612
2612,2461
2612,2483
2483,2741
2741,2612
2941,2483
2612,2941
2472,1722
2551,1692
2465,2466
1859,2508
2466,2394
2224,2466
2646,2003
2003,2666
2666,2646
2665,2003
1159,2665
1884,1893
1833,157
2545,2657
2657,2470
2472,2463
2398,2471
2072,2547
2592,2657
545,544
544,2473
2546,544
572,571
2635,2706
2706,2690
2690,2635
2596,2689
2351,2596
1329,609
2642,2314
2632,2478
1250,2577
2577,2512
2042,2606
2886,2479
2479,2646
2646,2886
2874,2335
2335,2886
2886,2874
2480,2610
208,207
2741,1929
2633,2111
2595,91
91,90
90,2595
2701,2511
2484,2701
2562,2134
2562,2488
2273,2739
2739,2602
2843,2383
2383,2551
2551,2843
2173,2648
2648,2252
2436,2613
2549,2436
2435,2549
626,1410
2338,2806
2806,2494
2832,2495
2462,2832
1215,2292
1601,2496
2755,2754
2754,2497
2497,2755
2588,2271
369,1788
467,466
466,465
465,2615
2576,1943
2580,2408
974,1990
2418,975
2356,2565
2565,2596
2537,1764
1764,962
2083,3108
3108,2517
2492,2622
2550,2558
2558,457
2587,2226
2451,2751
2751,2652
2463,2918
2918,2767
2767,2463
2507,2767
2767,2867
2867,2507
2508,2568
2568,2640
2779,2042
2665,2666
2796,2797
2797,2948
2948,2796
2689,2357
2357,2706
2706,2689
2789,2715
2715,2484
2484,2789
2923,2433
2433,2589
2589,2923
1250,1249
2632,2806
2532,2513
695,694
694,2659
2659,695
1243,1803
1803,2553
2470,2669
2669,2060
1043,1042
2361,2637
2523,2361
2651,3079
3079,927
927,2651
2638,2707
2538,2638
2614,2519
2425,2614
2519,3013
3013,2896
2896,2519
2896,2115
2667,2766
2766,2585
2585,2667
2645,2490
2586,2645
2517,2361
2807,2636
2636,2747
2747,2807
2426,2582
25,2653
2525,2759
2759,34
2786,1835
1835,2685
2445,2685
2619,2704
2704,2728
2650,2272
49,2662
2662,2650
56,55
2800,56
1267,2531
2650,2695
2625,2531
2531,2624
2800,2529
2700,25
25,24
24,2700
2581,2774
2855,2853
2853,2655
2655,2855
2332,2425
2425,2535
2494,2536
2806,2536
2517,2637
2638,1808
3109,3107
3107,3108
3108,3109
2595,1689
2708,2692
2692,473
2708,2499
2860,2680
2680,2781
2781,2860
1159,2509
805,2564
2564,2315
805,804
2541,2543
2781,2543
2541,2781
2572,2655
2655,2343
2647,2835
2835,2649
2649,2647
1912,2592
1736,2592
2593,2547
2516,2769
2620,2516
2613,2622
2492,2613
2548,2296
2505,2609
2909,2505
2492,2623
2505,2549
2549,2550
2558,2549
2735,2767
2507,2735
2634,3045
3045,3046
3046,2634
2642,3073
3073,2314
2851,2552
2640,2851
2553,2162
2528,2750
2750,2555
2653,2759
2724,2556
2556,2529
2529,2724
1267,2289
2289,2531
2789,2539
2539,2919
2919,2789
2557,2595
2555,2760
2760,2559
2559,2533
2529,2560
2712,2561
2530,2712
2561,2528
1986,2616
2616,1852
2576,2981
2981,1943
2175,2683
2683,2563
2563,2497
2574,2600
2564,2914
2477,3102
3102,2567
1859,2568
2567,2640
2460,2658
2658,2612
2676,2644
2644,2677
2677,2676
2641,2732
2697,1694
2421,2793
2793,2697
2591,2753
2753,2363
2600,2184
2588,2936
2186,2588
2575,2783
2783,2737
2603,2742
2742,1841
2887,2891
2891,2787
2787,2887
2329,2699
2699,2782
2782,2329
2935,2135
2749,2935
2927,2580
2580,2928
2928,2927
2981,3016
3016,2980
2980,2981
3018,2293
2751,2790
2790,2652
2582,2807
2944,2785
2785,2784
2784,2944
2557,2789
2789,2595
2731,2585
2585,2804
2804,2731
2619,2169
2586,2842
2842,2645
2960,2710
2962,2960
2832,2792
2792,2587
2587,2832
2831,2775
2775,2696
2696,2831
2683,2755
2755,2563
2716,2923
2923,2511
2511,2716
2599,2798
2798,2717
2601,1767
2810,2811
2811,2758
2758,2810
2491,2756
2756,1736
2756,2592
2620,2207
2593,2620
2942,2593
2694,2827
2827,2715
2715,2694
2643,2162
2595,2484
2357,2596
2510,2706
2702,2178
2571,2898
2898,2527
2740,5
5,4
2602,2438
842,2799
2799,843
843,842
2799,841
2628,2799
2703,2686
2686,2920
2920,2703
2600,2915
2331,2758
2758,2220
2601,2591
2739,2740
2740,2602
2746,2478
2617,2742
2742,2577
2610,2327
2687,2457
2609,2687
2136,2935
2935,2743
2680,2396
2396,2781
2430,229
2716,3019
3019,2923
2701,2716
2687,2505
2335,2610
2610,2885
2885,2327
2461,2741
2761,2664
2664,2764
2764,2761
2549,2613
2549,2622
2399,3013
3013,2614
2312,2615
2639,2623
2912,1986
2693,3067
2710,2693
2643,2393
2617,2539
2539,2742
2819,2843
2843,2877
2877,2819
2680,2579
2688,2704
2704,2717
2717,2688
2675,2220
2758,2675
2669,2769
2769,2060
2845,2824
2824,2778
2778,2845
2629,2699
2909,2549
2744,2423
2623,2615
2556,2531
2899,2898
2898,2597
2597,2899
2721,2628
2628,2719
2719,2721
2590,2704
842,841
2411,2730
2730,2294
2699,2727
2727,2681
2681,2699
2743,2428
2934,2630
2630,2336
2916,695
2896,2520
2268,2632
2577,2745
2765,2818
2818,2764
2764,2765
2544,2655
2853,2544
2408,2648
2648,2634
2634,2252
2475,2690
2690,2510
2675,2591
2601,2675
2748,2524
2500,2748
2866,2840
2840,2876
2876,2866
2518,3109
3108,2518
2637,2794
2794,2504
3107,2707
2707,2794
2794,3107
2348,2692
2692,2639
3069,3073
2642,3069
2851,2912
2835,2255
2805,2570
2828,2849
2849,2829
2829,2828
2919,2711
2711,2694
2694,2919
2643,2919
2604,2677
2644,2079
2819,2842
2842,2843
2985,2868
2868,3010
3010,2985
2875,2871
2871,2727
2727,2875
2872,2837
2837,2870
2870,2872
2670,2792
2792,2854
2854,2670
2927,2408
2933,2580
2580,2722
2722,2933
2633,2649
2674,2649
2633,2674
49,48
2650,2750
2750,2695
2748,2840
2840,2636
2636,2748
2038,2722
2608,2923
2760,2533
2662,2760
2760,2750
2750,2662
2574,2752
2752,2600
2702,2597
2697,2572
2793,2855
2655,2793
2457,2605
2605,2656
2756,2657
2679,2943
2943,2918
2918,2679
2762,2763
2763,2761
2761,2762
2917,2664
2172,2917
2736,2659
2957,2514
2520,2957
2811,2660
2660,2758
2720,2705
2705,2719
2719,2720
2661,2677
2677,2713
2713,2661
2726,2661
2713,2726
2355,2759
2759,2662
2653,2760
2760,2759
2674,2647
2633,2940
2940,2674
2967,2917
2172,2967
2569,2761
2761,2658
2666,2467
2467,2621
2621,2666
2621,2646
2959,2951
2951,2952
2952,2959
2955,2631
2631,2956
2918,2547
2547,2679
2772,2820
2820,2771
2771,2772
2657,2770
2770,2470
2756,2773
2773,2657
2581,2775
2775,2774
2831,2670
2670,2775
2823,2822
2822,2630
2630,2823
2842,2844
2844,2645
2822,2672
2606,2779
2779,2672
2672,2606
2835,2970
2970,2255
2655,2697
2633,2941
2941,2940
2966,2663
2663,2969
2969,2966
2904,2527
2898,2904
2661,2733
2733,2805
2805,2661
2714,2727
2699,2714
2661,2676
2854,2964
2964,2670
2658,2818
2818,2612
2942,2679
2547,2942
2820,2657
2773,2820
2671,2829
2829,2680
2680,2671
2713,2698
2698,2726
2837,2803
2803,2870
2682,24
2783,2175
2936,2937
2937,901
2404,2784
2784,2584
2785,2452
2652,2785
2717,2445
2685,2590
2752,2753
2753,2920
2920,2752
2922,2675
2675,2703
2703,2922
2627,2719
2705,2721
2689,2635
2635,2810
2953,2631
2631,2952
2952,2953
2804,2619
3079,3085
3085,2322
2322,3079
2982,2876
2840,2982
474,473
2729,2931
2931,3030
3030,2729
2578,2962
2594,2711
2711,2643
2715,2684
2684,2701
2701,2715
2712,2528
2802,2556
2724,2802
2587,2791
2924,2925
2925,3018
3018,2924
2673,2793
2677,2725
2725,2713
2725,2698
2629,2714
2681,2782
2684,2716
2654,2921
2686,2597
2903,2905
2905,2901
2901,2903
2812,2814
2814,2816
2816,2812
2685,2795
2795,2590
2948,2728
2704,2948
2527,2720
2720,2627
2816,2817
2817,2812
2638,2794
2729,2580
2933,2729
2648,2723
2723,2634
2648,2927
2927,2723
2828,2578
2579,2828
3070,3062
3062,3068
3068,3070
2584,2711
2784,2827
2827,2584
2802,2530
2712,2695
2695,2528
2604,2725
2698,2714
2714,2726
2629,2726
2698,2727
2711,2827
2785,2684
2684,2784
2925,2696
2775,2925
2795,2704
2717,2795
2795,2445
2948,2718
2718,2728
2950,2951
2951,2949
2949,2950
2705,2796
2796,2721
2899,2902
2902,2904
2904,2899
2660,2817
2817,2901
2901,2660
2798,2688
2799,2599
2933,2707
2707,2691
2691,2933
3007,3008
3008,3000
3000,3007
2712,2724
2724,2695
2802,2712
2874,2604
2604,2885
2885,2874
2886,2872
2872,2873
2873,2886
2730,2629
2730,2726
2725,2873
2873,2875
2875,2725
2837,2646
2621,2837
2688,2948
2718,2731
3079,3081
3081,3085
3106,3117
3117,2691
2691,3106
2411,2732
2733,2726
2718,2949
2949,2731
2347,2804
2641,2733
2641,2780
2780,2733
3046,2252
2734,2491
2514,2659
2575,2683
2683,2783
2832,2738
2738,2587
2598,2739
2598,2740
2603,2746
2746,2742
2844,2618
2822,2824
2824,2672
2909,2744
2622,2909
2746,2577
2268,2806
2524,2807
2636,2353
2861,2748
2500,2861
3078,2983
2983,3079
2618,2935
2506,2790
2574,2753
2915,2752
2752,2654
2654,2915
2922,2591
2754,2588
2937,2683
2575,2937
2755,2588
2734,3046
3046,2491
3046,2821
2821,2491
2723,3031
3031,2634
2770,2772
2772,2669
2669,2770
2331,2810
2660,2675
2569,2762
2917,2764
2405,2763
2678,3066
3066,2764
2764,2678
2764,2658
3066,2765
2765,2940
2941,2765
2472,2918
2767,2668
2668,2867
3031,3040
3040,3045
3045,3031
2787,2869
2869,2887
2772,2942
2942,2669
2770,2820
3043,3040
3040,3044
3044,3043
2943,2668
2668,2918
2943,2772
2771,2943
2772,2679
2756,2821
2821,2773
3043,2773
2773,2757
2757,3043
2925,2581
2581,3018
2774,2670
2964,2774
2696,2790
2791,2696
2263,2777
2778,2822
2823,2778
2621,2856
2856,2837
2805,2780
2970,2780
2641,2970
2782,2541
2860,2782
2681,2860
2681,2859
2859,2860
2782,2781
2944,2404
2452,2944
2684,2827
2926,2790
2696,2926
2684,2945
2945,2716
2880,2882
2882,2879
2879,2880
2845,2847
2847,2825
2825,2845
2960,2693
2910,2576
2789,2694
2925,2926
2792,2791
2791,2831
2792,2963
2963,2854
2673,2834
2834,2793
2834,2836
2836,2855
2855,2834
2637,3107
2705,2797
2798,2796
2796,2688
2720,2908
2908,2705
2811,2817
2799,2798
2798,2721
2721,2799
55,54
2800,2724
2724,2801
2824,2826
2826,2606
2606,2824
2727,2858
2858,2681
2169,2804
2748,2807
3115,2977
2977,2979
2979,3115
2889,3064
3064,3057
3057,2889
2748,2862
2862,2840
2808,3028
3028,2863
2863,2808
2635,2811
2690,2812
2812,2635
2812,2811
2690,2814
2902,2906
2906,2720
2720,2902
2475,2953
2953,2954
2954,2475
2841,2718
2718,2797
2797,2841
2690,2954
2954,2814
2813,2971
2971,2814
2814,2813
2815,2952
2951,2815
2951,2731
2813,2949
2949,2841
2841,2813
2903,2900
2900,2703
2703,2903
2816,2901
2941,2818
2586,2843
3074,2985
2985,2972
2972,3074
2773,2771
2821,2757
2934,2823
2844,2998
2998,3076
3076,2844
2973,2998
2998,2996
2996,2973
2845,2826
2846,2990
2990,3077
3077,2846
2847,2990
2990,2895
2895,2847
2975,2837
2856,2975
2848,2826
2826,2856
2856,2848
2680,2849
2849,2579
2891,2960
2960,2787
2879,2869
2869,2829
2829,2879
2829,2787
2787,2828
3073,3072
3072,3102
3102,3073
2913,2910
2616,2913
2792,2831
2462,2852
2852,2832
2852,2963
2963,2832
2965,2966
2966,2939
2939,2965
2964,2534
2970,2673
2834,2647
2647,2836
2834,2835
2970,2834
2969,2647
2674,2969
2853,2836
2836,2663
2663,2853
2621,2848
2803,2871
2871,2870
2850,2879
2882,2850
2860,2671
3016,3017
3017,3015
3015,3016
2839,2863
2863,2862
2862,2839
2861,2862
3078,2876
2876,2983
2906,2908
2971,2841
2841,2907
2907,2971
2819,3074
3074,2842
2551,2867
2867,2843
2843,2986
2986,2877
3074,2844
2743,3076
3076,3075
3075,2743
2974,3077
3077,2778
2778,2974
2825,2826
3007,2894
2894,2987
2987,3007
2778,2847
2893,2895
2990,2893
2850,2869
2894,2884
2884,2888
2888,2894
3072,2851
2640,3072
2830,3014
3014,2912
2912,2830
2544,2852
2852,2663
2663,2963
2852,2853
2854,2833
2833,2964
2825,2856
2825,2975
2698,2875
2872,2646
2871,2858
2838,2880
2880,2859
2859,2838
2858,2859
2858,2838
2859,2671
2500,2980
2980,2861
2861,2839
2839,2977
2977,2863
2862,2982
3028,3024
3024,3026
3026,3028
2982,2863
2863,3105
3105,2982
2865,2413
2984,2432
2864,3078
3078,2865
2865,2864
2865,2866
2866,2864
2984,2865
3088,2986
2986,2878
2878,3088
2878,2867
2668,2878
3010,3005
3005,2768
2768,3010
2671,2879
2888,2887
2869,2888
2803,2838
2838,2871
2870,2857
2857,2872
2871,2857
2873,2857
2857,2875
2874,2873
2725,2874
2874,2610
2876,2809
2809,2983
2876,2864
2867,2986
2985,2877
2877,2868
2943,2878
3044,3011
3011,3043
2880,2671
2975,2883
2883,2803
2803,2975
2883,2881
2881,2882
2882,2883
2975,2976
2976,2883
2895,2825
2883,2880
2838,2883
2881,2893
2893,2882
2884,2887
3048,3049
3049,3092
3092,3048
2850,2888
3064,2891
2891,2884
2884,3064
2850,2892
2892,2888
2892,2894
3047,3051
3051,3063
3063,3047
3027,3023
3023,3025
3025,3027
2850,2893
2893,2892
2988,2987
2987,2890
2890,2988
2889,3065
3065,2961
2961,2889
2892,2890
2890,2894
2881,2895
2893,2890
3007,3055
3055,2894
2881,2976
2976,2895
2846,2988
2988,2990
2667,2958
2958,2399
2955,2958
2958,2959
2959,2955
2898,2897
2686,2899
2900,2686
2900,2899
2905,2675
2660,2905
2904,2720
2901,2907
2907,2906
2906,2901
2902,2901
2900,2902
2903,2902
2905,2703
2816,2907
2908,2797
2816,2971
2908,2907
2841,2908
2912,2616
2913,3017
3017,2910
3014,2911
2911,2912
3015,3014
3014,2788
2788,3015
2851,2830
2911,2913
2913,2912
2911,3015
3017,2911
2915,2914
2916,2631
2631,2475
2534,2967
2917,2678
2920,2654
2922,2753
2920,2921
2920,2922
2946,2716
2945,2946
2652,2926
2926,2785
2924,2926
2924,2946
2946,2926
2729,2928
2927,2932
2932,2723
3103,2729
2933,3103
2928,2930
2930,2927
3049,3023
3027,3049
2709,2723
2932,2709
3030,2930
2928,3030
3030,3022
3022,2930
3106,3107
3109,3106
3112,3022
3022,2931
2931,3112
2930,2932
2930,2709
2691,3103
2743,2934
2743,2823
3076,2935
2618,3076
2755,2936
2937,2755
2723,3041
3041,3031
3005,3044
3044,3009
3009,3005
2967,2965
2939,2967
2968,2965
2965,2833
2833,2968
3066,2940
2939,2674
2940,2939
2771,3011
3011,3012
3012,2771
2785,2945
2946,2785
2924,3019
3019,2946
2830,3072
3072,3101
3101,2830
2813,2950
2815,2953
2951,2585
2955,2952
2815,2954
2896,2958
2957,2659
2956,2957
2957,2896
2896,2399
2667,2959
2585,2959
2960,2828
2961,2891
2891,2889
2960,2961
2961,2693
2828,2962
2968,2963
2663,2968
2963,2833
2965,2964
2967,2964
2968,2966
2939,2678
2678,2967
2836,2969
2966,2674
3006,3038
3038,3003
3003,3006
3075,2823
2846,2991
2991,2987
2987,2846
2996,2997
2997,2994
2994,2996
2823,2995
2995,2778
2995,2973
2973,2994
2994,2995
2976,2825
2839,2979
2977,2808
2839,2980
2980,2979
3057,3065
3115,3095
3095,2808
2808,3115
2500,2981
2978,2979
2980,2978
3017,2576
2982,2809
3020,3114
3114,3105
3105,3020
2651,926
2985,2768
2768,2972
2985,2819
2986,2868
2993,2991
2846,2993
3004,3001
3001,2768
2768,3004
2990,2890
2989,2997
2996,2989
2996,2999
2999,2989
2847,3077
3077,2993
3111,2992
2992,3000
3000,3111
3006,2989
2999,3006
3022,3029
3029,2930
2994,2993
2993,2974
2974,2994
2993,2997
2997,2991
2974,2995
3075,2995
2973,3076
2998,2999
2989,2991
3074,2998
2998,2972
2972,2999
3001,2972
3001,2999
3008,2987
2991,3008
3051,2992
2992,3063
3005,3002
3002,3004
3004,3005
3008,3087
3087,3111
3111,3008
3032,2938
2938,3031
3031,3032
3009,3033
3033,3002
3002,3009
3001,3006
3002,3038
3038,3004
3035,3003
3038,3035
3010,3088
3088,3005
3038,3001
3003,3087
3087,3006
3000,3055
2989,3008
2989,3087
3033,2938
3032,3033
3088,2868
3088,3011
3011,3005
2943,3012
3012,2878
3043,2771
3088,3012
3101,3014
3099,2788
2788,3098
3098,3099
3016,2978
3017,2981
3015,2978
3090,3112
3112,3089
3089,3090
3084,3080
3080,3086
3086,3084
3022,3023
3023,3021
3021,3022
3047,3034
3034,3037
3037,3047
3022,2929
2929,3023
3021,3029
2929,3026
3026,3025
3025,2929
3094,3095
3095,3096
3096,3094
3060,3100
3100,3061
3061,3060
2929,3090
3090,3026
3025,3024
3024,3027
3026,3020
3020,3028
3061,3056
3056,3059
3059,3061
3058,3055
3055,3052
3052,3058
3105,3028
3095,3028
3037,3029
3021,3037
3029,2709
3041,2709
2709,3032
3032,3041
2938,3040
3039,2992
3111,3039
3009,2938
3032,3036
3036,3033
3033,3035
3035,3002
3034,3091
3091,3037
3037,2709
3036,3035
3034,3063
3063,3039
3039,3034
3091,3032
2709,3091
3036,3034
3034,3035
3048,3047
3037,3048
3036,3091
3035,3039
3039,3003
3044,2938
3040,2757
2757,3045
3092,3050
3050,3054
3054,3092
3051,3053
3053,3055
3055,3051
3046,2757
3021,3048
3047,3042
3042,3051
3021,3049
3048,3042
3027,3050
3092,3027
3093,3027
3027,3094
3094,3093
3064,3052
3052,3057
3042,3053
3055,2992
3042,3054
3054,3053
3052,3053
3054,3052
3042,3092
3059,3054
3050,3059
3054,3057
3064,3058
3093,3050
3067,3068
3068,2947
2947,3067
3059,3057
3057,3056
3056,3065
2894,3058
3058,2884
3093,3061
3061,3050
3060,3093
3094,3060
2788,3071
3071,3098
3100,3096
3096,3097
3097,3100
3071,2947
3068,3071
3061,3062
3062,3056
3070,3065
3056,3070
3065,2693
2939,3066
2693,3068
2947,3069
3070,2693
3062,3071
3072,3069
2947,3072
2422,3073
3073,2477
3098,3062
3062,3097
3097,3098
2788,3101
3101,3071
2947,3101
2640,3102
3075,2973
2983,3081
3113,3114
3114,3089
3089,3113
3090,3020
3104,2983
2809,3104
3086,3081
3081,3084
3081,3104
3104,3084
2809,3105
3105,3104
3083,3086
3086,3106
3106,3083
3110,2518
3113,3084
3084,3082
3082,3113
3086,3085
3085,3083
3083,2322
3080,3106
3111,3003
3116,2729
3103,3116
3113,3080
2929,3112
3089,3020
3024,3094
3024,3095
3096,3115
3115,2978
2978,3096
2978,3097
3096,3060
2978,3099
3099,3097
3062,3100
3015,3099
3103,3117
3117,3113
3113,3103
3116,3089
3112,3116
3104,3082
3105,3082
3080,3117
3107,2691
2637,3108
3110,3109
3109,3083
3083,3110
2931,3116
3082,3114
3116,3113
